   Insurance $1,437 $1,487 $1,539 $1,593 $1,649 2023 "Audi A3 Premium Plus 4dr Sedan w/40 TFSI" "2.0L 4cyl Turbo gas/electric mild hybrid 7AM" 40462
 Maintenance   $273   $953   $904 $2,173 $1,183 2023 "Audi A3 Premium Plus 4dr Sedan w/40 TFSI" "2.0L 4cyl Turbo gas/electric mild hybrid 7AM" 40462
     Repairs     $0     $0     $0   $812 $1,240 2023 "Audi A3 Premium Plus 4dr Sedan w/40 TFSI" "2.0L 4cyl Turbo gas/electric mild hybrid 7AM" 40462
Taxes & Fees $2,712   $193   $173   $157   $157 2023 "Audi A3 Premium Plus 4dr Sedan w/40 TFSI" "2.0L 4cyl Turbo gas/electric mild hybrid 7AM" 40462
   Financing $3,200 $2,608 $1,957 $1,242   $454 2023 "Audi A3 Premium Plus 4dr Sedan w/40 TFSI" "2.0L 4cyl Turbo gas/electric mild hybrid 7AM" 40462
Depreciation $9,981 $2,630 $2,149 $2,409 $2,105 2023 "Audi A3 Premium Plus 4dr Sedan w/40 TFSI" "2.0L 4cyl Turbo gas/electric mild hybrid 7AM" 40462
        Fuel $1,627 $1,676 $1,727 $1,778 $1,832 2023 "Audi A3 Premium Plus 4dr Sedan w/40 TFSI" "2.0L 4cyl Turbo gas/electric mild hybrid 7AM" 40462
   Insurance  $1,459 $1,510 $1,563 $1,618 $1,674 2023 "Audi A3 Premium Plus 4dr Sedan AWD w/40 TFSI" "2.0L 4cyl Turbo gas/electric mild hybrid 7AM" 41705
 Maintenance    $273   $953   $904 $2,173 $1,183 2023 "Audi A3 Premium Plus 4dr Sedan AWD w/40 TFSI" "2.0L 4cyl Turbo gas/electric mild hybrid 7AM" 41705
     Repairs      $0     $0     $0   $858 $1,310 2023 "Audi A3 Premium Plus 4dr Sedan AWD w/40 TFSI" "2.0L 4cyl Turbo gas/electric mild hybrid 7AM" 41705
Taxes & Fees  $2,790   $199   $178   $162   $162 2023 "Audi A3 Premium Plus 4dr Sedan AWD w/40 TFSI" "2.0L 4cyl Turbo gas/electric mild hybrid 7AM" 41705
   Financing  $3,299 $2,688 $2,017 $1,279   $469 2023 "Audi A3 Premium Plus 4dr Sedan AWD w/40 TFSI" "2.0L 4cyl Turbo gas/electric mild hybrid 7AM" 41705
Depreciation $10,392 $2,673 $2,182 $2,447 $2,139 2023 "Audi A3 Premium Plus 4dr Sedan AWD w/40 TFSI" "2.0L 4cyl Turbo gas/electric mild hybrid 7AM" 41705
        Fuel  $1,735 $1,787 $1,841 $1,896 $1,953 2023 "Audi A3 Premium Plus 4dr Sedan AWD w/40 TFSI" "2.0L 4cyl Turbo gas/electric mild hybrid 7AM" 41705
   Insurance $1,452 $1,503 $1,555 $1,610 $1,666 2023 "Audi A3 Premium 4dr Sedan AWD w/40 TFSI" "2.0L 4cyl Turbo gas/electric mild hybrid 7AM" 39413
 Maintenance   $273   $953   $904 $2,173 $1,183 2023 "Audi A3 Premium 4dr Sedan AWD w/40 TFSI" "2.0L 4cyl Turbo gas/electric mild hybrid 7AM" 39413
     Repairs     $0     $0     $0   $858 $1,310 2023 "Audi A3 Premium 4dr Sedan AWD w/40 TFSI" "2.0L 4cyl Turbo gas/electric mild hybrid 7AM" 39413
Taxes & Fees $2,646   $188   $169   $153   $153 2023 "Audi A3 Premium 4dr Sedan AWD w/40 TFSI" "2.0L 4cyl Turbo gas/electric mild hybrid 7AM" 39413
   Financing $3,117 $2,541 $1,906 $1,209   $443 2023 "Audi A3 Premium 4dr Sedan AWD w/40 TFSI" "2.0L 4cyl Turbo gas/electric mild hybrid 7AM" 39413
Depreciation $9,150 $2,798 $2,286 $2,562 $2,239 2023 "Audi A3 Premium 4dr Sedan AWD w/40 TFSI" "2.0L 4cyl Turbo gas/electric mild hybrid 7AM" 39413
        Fuel $1,735 $1,787 $1,841 $1,896 $1,953 2023 "Audi A3 Premium 4dr Sedan AWD w/40 TFSI" "2.0L 4cyl Turbo gas/electric mild hybrid 7AM" 39413
   Insurance $1,432 $1,482 $1,534 $1,588 $1,643 2023 "Audi A3 Premium 4dr Sedan w/40 TFSI" "2.0L 4cyl Turbo gas/electric mild hybrid 7AM" 37052
 Maintenance   $273   $953   $904 $2,173 $1,183 2023 "Audi A3 Premium 4dr Sedan w/40 TFSI" "2.0L 4cyl Turbo gas/electric mild hybrid 7AM" 37052
     Repairs     $0     $0     $0   $812 $1,240 2023 "Audi A3 Premium 4dr Sedan w/40 TFSI" "2.0L 4cyl Turbo gas/electric mild hybrid 7AM" 37052
Taxes & Fees $2,497   $178   $159   $145   $145 2023 "Audi A3 Premium 4dr Sedan w/40 TFSI" "2.0L 4cyl Turbo gas/electric mild hybrid 7AM" 37052
   Financing $2,931 $2,388 $1,792 $1,137   $416 2023 "Audi A3 Premium 4dr Sedan w/40 TFSI" "2.0L 4cyl Turbo gas/electric mild hybrid 7AM" 37052
Depreciation $7,720 $2,729 $2,230 $2,498 $2,184 2023 "Audi A3 Premium 4dr Sedan w/40 TFSI" "2.0L 4cyl Turbo gas/electric mild hybrid 7AM" 37052
        Fuel $1,627 $1,676 $1,727 $1,778 $1,832 2023 "Audi A3 Premium 4dr Sedan w/40 TFSI" "2.0L 4cyl Turbo gas/electric mild hybrid 7AM" 37052
   Insurance  $1,344 $1,391 $1,440 $1,490 $1,542 2023 "Audi A4 allroad Premium Plus 4dr Wagon AWD w/45 TFSI" "2.0L 4cyl Turbo gas/electric mild hybrid 7AM" 56428
 Maintenance    $166   $851 $1,081 $2,550 $1,209 2023 "Audi A4 allroad Premium Plus 4dr Wagon AWD w/45 TFSI" "2.0L 4cyl Turbo gas/electric mild hybrid 7AM" 56428
     Repairs      $0     $0     $0   $858 $1,310 2023 "Audi A4 allroad Premium Plus 4dr Wagon AWD w/45 TFSI" "2.0L 4cyl Turbo gas/electric mild hybrid 7AM" 56428
Taxes & Fees  $3,558   $254   $227   $206   $206 2023 "Audi A4 allroad Premium Plus 4dr Wagon AWD w/45 TFSI" "2.0L 4cyl Turbo gas/electric mild hybrid 7AM" 56428
   Financing  $4,463 $3,637 $2,730 $1,731   $634 2023 "Audi A4 allroad Premium Plus 4dr Wagon AWD w/45 TFSI" "2.0L 4cyl Turbo gas/electric mild hybrid 7AM" 56428
Depreciation $17,274 $3,681 $3,006 $3,371 $2,947 2023 "Audi A4 allroad Premium Plus 4dr Wagon AWD w/45 TFSI" "2.0L 4cyl Turbo gas/electric mild hybrid 7AM" 56428
        Fuel  $2,545 $2,621 $2,700 $2,781 $2,864 2023 "Audi A4 allroad Premium Plus 4dr Wagon AWD w/45 TFSI" "2.0L 4cyl Turbo gas/electric mild hybrid 7AM" 56428
   Insurance  $1,347 $1,394 $1,443 $1,493 $1,546 2023 "Audi A4 allroad Prestige 4dr Wagon AWD w/45 TFSI" "2.0L 4cyl Turbo gas/electric mild hybrid 7AM" 58696
 Maintenance    $166   $851 $1,081 $2,550 $1,209 2023 "Audi A4 allroad Prestige 4dr Wagon AWD w/45 TFSI" "2.0L 4cyl Turbo gas/electric mild hybrid 7AM" 58696
     Repairs      $0     $0     $0   $858 $1,310 2023 "Audi A4 allroad Prestige 4dr Wagon AWD w/45 TFSI" "2.0L 4cyl Turbo gas/electric mild hybrid 7AM" 58696
Taxes & Fees  $3,701   $264   $236   $214   $214 2023 "Audi A4 allroad Prestige 4dr Wagon AWD w/45 TFSI" "2.0L 4cyl Turbo gas/electric mild hybrid 7AM" 58696
   Financing  $4,643 $3,783 $2,839 $1,801   $659 2023 "Audi A4 allroad Prestige 4dr Wagon AWD w/45 TFSI" "2.0L 4cyl Turbo gas/electric mild hybrid 7AM" 58696
Depreciation $16,855 $3,944 $3,221 $3,612 $3,158 2023 "Audi A4 allroad Prestige 4dr Wagon AWD w/45 TFSI" "2.0L 4cyl Turbo gas/electric mild hybrid 7AM" 58696
        Fuel  $2,545 $2,621 $2,700 $2,781 $2,864 2023 "Audi A4 allroad Prestige 4dr Wagon AWD w/45 TFSI" "2.0L 4cyl Turbo gas/electric mild hybrid 7AM" 58696
   Insurance  $1,336 $1,383 $1,431 $1,481 $1,533 2023 "Audi A4 allroad Premium 4dr Wagon AWD w/45 TFSI" "2.0L 4cyl Turbo gas/electric mild hybrid 7AM" 51461
 Maintenance    $166   $851 $1,081 $2,550 $1,209 2023 "Audi A4 allroad Premium 4dr Wagon AWD w/45 TFSI" "2.0L 4cyl Turbo gas/electric mild hybrid 7AM" 51461
     Repairs      $0     $0     $0   $858 $1,310 2023 "Audi A4 allroad Premium 4dr Wagon AWD w/45 TFSI" "2.0L 4cyl Turbo gas/electric mild hybrid 7AM" 51461
Taxes & Fees  $3,246   $231   $207   $188   $188 2023 "Audi A4 allroad Premium 4dr Wagon AWD w/45 TFSI" "2.0L 4cyl Turbo gas/electric mild hybrid 7AM" 51461
   Financing  $4,070 $3,317 $2,489 $1,579   $578 2023 "Audi A4 allroad Premium 4dr Wagon AWD w/45 TFSI" "2.0L 4cyl Turbo gas/electric mild hybrid 7AM" 51461
Depreciation $15,698 $3,362 $2,746 $3,079 $2,692 2023 "Audi A4 allroad Premium 4dr Wagon AWD w/45 TFSI" "2.0L 4cyl Turbo gas/electric mild hybrid 7AM" 51461
        Fuel  $2,545 $2,621 $2,700 $2,781 $2,864 2023 "Audi A4 allroad Premium 4dr Wagon AWD w/45 TFSI" "2.0L 4cyl Turbo gas/electric mild hybrid 7AM" 51461
   Insurance $1,564 $1,619 $1,675 $1,734 $1,795 2023 "Audi A4 Premium S line 4dr Sedan AWD w/45 TFSI" "2.0L 4cyl Turbo gas/electric mild hybrid 7AM" 41987
 Maintenance   $269   $945   $900 $2,486 $1,179 2023 "Audi A4 Premium S line 4dr Sedan AWD w/45 TFSI" "2.0L 4cyl Turbo gas/electric mild hybrid 7AM" 41987
     Repairs     $0     $0     $0   $858 $1,310 2023 "Audi A4 Premium S line 4dr Sedan AWD w/45 TFSI" "2.0L 4cyl Turbo gas/electric mild hybrid 7AM" 41987
Taxes & Fees $2,902   $207   $185   $168   $168 2023 "Audi A4 Premium S line 4dr Sedan AWD w/45 TFSI" "2.0L 4cyl Turbo gas/electric mild hybrid 7AM" 41987
   Financing $3,321 $2,706 $2,031 $1,288   $472 2023 "Audi A4 Premium S line 4dr Sedan AWD w/45 TFSI" "2.0L 4cyl Turbo gas/electric mild hybrid 7AM" 41987
Depreciation $8,202 $3,598 $2,939 $3,294 $2,880 2023 "Audi A4 Premium S line 4dr Sedan AWD w/45 TFSI" "2.0L 4cyl Turbo gas/electric mild hybrid 7AM" 41987
        Fuel $2,452 $2,526 $2,601 $2,679 $2,760 2023 "Audi A4 Premium S line 4dr Sedan AWD w/45 TFSI" "2.0L 4cyl Turbo gas/electric mild hybrid 7AM" 41987
   Insurance $1,525 $1,578 $1,634 $1,691 $1,750 2023 "Audi A4 Premium 4dr Sedan AWD w/40 TFSI" "2.0L 4cyl Turbo gas/electric mild hybrid 7AM" 40632
 Maintenance   $269   $945   $900 $2,232 $1,179 2023 "Audi A4 Premium 4dr Sedan AWD w/40 TFSI" "2.0L 4cyl Turbo gas/electric mild hybrid 7AM" 40632
     Repairs     $0     $0     $0   $858 $1,310 2023 "Audi A4 Premium 4dr Sedan AWD w/40 TFSI" "2.0L 4cyl Turbo gas/electric mild hybrid 7AM" 40632
Taxes & Fees $2,817   $201   $180   $163   $163 2023 "Audi A4 Premium 4dr Sedan AWD w/40 TFSI" "2.0L 4cyl Turbo gas/electric mild hybrid 7AM" 40632
   Financing $3,214 $2,619 $1,965 $1,247   $456 2023 "Audi A4 Premium 4dr Sedan AWD w/40 TFSI" "2.0L 4cyl Turbo gas/electric mild hybrid 7AM" 40632
Depreciation $9,531 $2,970 $2,428 $2,721 $2,377 2023 "Audi A4 Premium 4dr Sedan AWD w/40 TFSI" "2.0L 4cyl Turbo gas/electric mild hybrid 7AM" 40632
        Fuel $2,364 $2,435 $2,508 $2,583 $2,660 2023 "Audi A4 Premium 4dr Sedan AWD w/40 TFSI" "2.0L 4cyl Turbo gas/electric mild hybrid 7AM" 40632
   Insurance  $1,600 $1,656 $1,714 $1,774 $1,836 2023 "Audi A4 Premium Plus S line 4dr Sedan AWD w/45 TFSI" "2.0L 4cyl Turbo gas/electric mild hybrid 7AM" 47023
 Maintenance    $269   $945   $900 $2,486 $1,179 2023 "Audi A4 Premium Plus S line 4dr Sedan AWD w/45 TFSI" "2.0L 4cyl Turbo gas/electric mild hybrid 7AM" 47023
     Repairs      $0     $0     $0   $858 $1,310 2023 "Audi A4 Premium Plus S line 4dr Sedan AWD w/45 TFSI" "2.0L 4cyl Turbo gas/electric mild hybrid 7AM" 47023
Taxes & Fees  $3,218   $229   $206   $186   $186 2023 "Audi A4 Premium Plus S line 4dr Sedan AWD w/45 TFSI" "2.0L 4cyl Turbo gas/electric mild hybrid 7AM" 47023
   Financing  $3,719 $3,031 $2,275 $1,442   $529 2023 "Audi A4 Premium Plus S line 4dr Sedan AWD w/45 TFSI" "2.0L 4cyl Turbo gas/electric mild hybrid 7AM" 47023
Depreciation $12,726 $3,372 $2,754 $3,089 $2,698 2023 "Audi A4 Premium Plus S line 4dr Sedan AWD w/45 TFSI" "2.0L 4cyl Turbo gas/electric mild hybrid 7AM" 47023
        Fuel  $2,452 $2,526 $2,601 $2,679 $2,760 2023 "Audi A4 Premium Plus S line 4dr Sedan AWD w/45 TFSI" "2.0L 4cyl Turbo gas/electric mild hybrid 7AM" 47023
   Insurance  $1,557 $1,611 $1,668 $1,726 $1,787 2023 "Audi A4 Premium Plus 4dr Sedan AWD w/40 TFSI" "2.0L 4cyl Turbo gas/electric mild hybrid 7AM" 44125
 Maintenance    $269   $945   $900 $2,486 $1,179 2023 "Audi A4 Premium Plus 4dr Sedan AWD w/40 TFSI" "2.0L 4cyl Turbo gas/electric mild hybrid 7AM" 44125
     Repairs      $0     $0     $0   $858 $1,310 2023 "Audi A4 Premium Plus 4dr Sedan AWD w/40 TFSI" "2.0L 4cyl Turbo gas/electric mild hybrid 7AM" 44125
Taxes & Fees  $3,036   $216   $194   $176   $176 2023 "Audi A4 Premium Plus 4dr Sedan AWD w/40 TFSI" "2.0L 4cyl Turbo gas/electric mild hybrid 7AM" 44125
   Financing  $3,490 $2,844 $2,134 $1,354   $496 2023 "Audi A4 Premium Plus 4dr Sedan AWD w/40 TFSI" "2.0L 4cyl Turbo gas/electric mild hybrid 7AM" 44125
Depreciation $10,585 $3,203 $2,618 $2,935 $2,564 2023 "Audi A4 Premium Plus 4dr Sedan AWD w/40 TFSI" "2.0L 4cyl Turbo gas/electric mild hybrid 7AM" 44125
        Fuel  $2,364 $2,435 $2,508 $2,583 $2,660 2023 "Audi A4 Premium Plus 4dr Sedan AWD w/40 TFSI" "2.0L 4cyl Turbo gas/electric mild hybrid 7AM" 44125
   Insurance  $1,574 $1,629 $1,686 $1,745 $1,806 2023 "Audi A4 Prestige S line 4dr Sedan AWD w/45 TFSI" "2.0L 4cyl Turbo gas/electric mild hybrid 7AM" 51779
 Maintenance    $269   $945   $900 $2,486 $1,179 2023 "Audi A4 Prestige S line 4dr Sedan AWD w/45 TFSI" "2.0L 4cyl Turbo gas/electric mild hybrid 7AM" 51779
     Repairs      $0     $0     $0   $858 $1,310 2023 "Audi A4 Prestige S line 4dr Sedan AWD w/45 TFSI" "2.0L 4cyl Turbo gas/electric mild hybrid 7AM" 51779
Taxes & Fees  $3,518   $251   $225   $204   $204 2023 "Audi A4 Prestige S line 4dr Sedan AWD w/45 TFSI" "2.0L 4cyl Turbo gas/electric mild hybrid 7AM" 51779
   Financing  $4,096 $3,337 $2,504 $1,589   $582 2023 "Audi A4 Prestige S line 4dr Sedan AWD w/45 TFSI" "2.0L 4cyl Turbo gas/electric mild hybrid 7AM" 51779
Depreciation $13,721 $3,627 $2,965 $3,323 $2,903 2023 "Audi A4 Prestige S line 4dr Sedan AWD w/45 TFSI" "2.0L 4cyl Turbo gas/electric mild hybrid 7AM" 51779
        Fuel  $2,452 $2,526 $2,601 $2,679 $2,760 2023 "Audi A4 Prestige S line 4dr Sedan AWD w/45 TFSI" "2.0L 4cyl Turbo gas/electric mild hybrid 7AM" 51779
   Insurance  $1,574 $1,629 $1,686 $1,745 $1,806 2023 "Audi A4 Prestige 4dr Sedan AWD w/40 TFSI" "2.0L 4cyl Turbo gas/electric mild hybrid 7AM" 48849
 Maintenance    $269   $945   $900 $2,486 $1,179 2023 "Audi A4 Prestige 4dr Sedan AWD w/40 TFSI" "2.0L 4cyl Turbo gas/electric mild hybrid 7AM" 48849
     Repairs      $0     $0     $0   $858 $1,310 2023 "Audi A4 Prestige 4dr Sedan AWD w/40 TFSI" "2.0L 4cyl Turbo gas/electric mild hybrid 7AM" 48849
Taxes & Fees  $3,334   $238   $213   $193   $193 2023 "Audi A4 Prestige 4dr Sedan AWD w/40 TFSI" "2.0L 4cyl Turbo gas/electric mild hybrid 7AM" 48849
   Financing  $3,864 $3,148 $2,363 $1,499   $549 2023 "Audi A4 Prestige 4dr Sedan AWD w/40 TFSI" "2.0L 4cyl Turbo gas/electric mild hybrid 7AM" 48849
Depreciation $12,299 $3,488 $2,851 $3,196 $2,792 2023 "Audi A4 Prestige 4dr Sedan AWD w/40 TFSI" "2.0L 4cyl Turbo gas/electric mild hybrid 7AM" 48849
        Fuel  $2,364 $2,435 $2,508 $2,583 $2,660 2023 "Audi A4 Prestige 4dr Sedan AWD w/40 TFSI" "2.0L 4cyl Turbo gas/electric mild hybrid 7AM" 48849
   Insurance  $1,686 $1,745 $1,806 $1,869 $1,935 2023 "Audi A5 Premium Plus S line 4dr Hatchback AWD w/45 TFSI" "2.0L 4cyl Turbo gas/electric mild hybrid 7AM" 54501
 Maintenance    $269 $1,077   $956 $2,626 $1,356 2023 "Audi A5 Premium Plus S line 4dr Hatchback AWD w/45 TFSI" "2.0L 4cyl Turbo gas/electric mild hybrid 7AM" 54501
     Repairs      $0     $0     $0   $858 $1,310 2023 "Audi A5 Premium Plus S line 4dr Hatchback AWD w/45 TFSI" "2.0L 4cyl Turbo gas/electric mild hybrid 7AM" 54501
Taxes & Fees  $3,594   $256   $230   $208   $208 2023 "Audi A5 Premium Plus S line 4dr Hatchback AWD w/45 TFSI" "2.0L 4cyl Turbo gas/electric mild hybrid 7AM" 54501
   Financing  $4,311 $3,513 $2,636 $1,672   $612 2023 "Audi A5 Premium Plus S line 4dr Hatchback AWD w/45 TFSI" "2.0L 4cyl Turbo gas/electric mild hybrid 7AM" 54501
Depreciation $14,856 $3,702 $3,025 $3,390 $2,962 2023 "Audi A5 Premium Plus S line 4dr Hatchback AWD w/45 TFSI" "2.0L 4cyl Turbo gas/electric mild hybrid 7AM" 54501
        Fuel  $2,452 $2,526 $2,601 $2,679 $2,760 2023 "Audi A5 Premium Plus S line 4dr Hatchback AWD w/45 TFSI" "2.0L 4cyl Turbo gas/electric mild hybrid 7AM" 54501
   Insurance  $1,643 $1,701 $1,760 $1,822 $1,885 2023 "Audi A5 Prestige S line 4dr Hatchback AWD w/45 TFSI" "2.0L 4cyl Turbo gas/electric mild hybrid 7AM" 59760
 Maintenance    $269 $1,077   $956 $2,626 $1,356 2023 "Audi A5 Prestige S line 4dr Hatchback AWD w/45 TFSI" "2.0L 4cyl Turbo gas/electric mild hybrid 7AM" 59760
     Repairs      $0     $0     $0   $858 $1,310 2023 "Audi A5 Prestige S line 4dr Hatchback AWD w/45 TFSI" "2.0L 4cyl Turbo gas/electric mild hybrid 7AM" 59760
Taxes & Fees  $3,925   $280   $251   $228   $228 2023 "Audi A5 Prestige S line 4dr Hatchback AWD w/45 TFSI" "2.0L 4cyl Turbo gas/electric mild hybrid 7AM" 59760
   Financing  $4,727 $3,852 $2,890 $1,833   $672 2023 "Audi A5 Prestige S line 4dr Hatchback AWD w/45 TFSI" "2.0L 4cyl Turbo gas/electric mild hybrid 7AM" 59760
Depreciation $16,130 $4,221 $3,445 $3,864 $3,375 2023 "Audi A5 Prestige S line 4dr Hatchback AWD w/45 TFSI" "2.0L 4cyl Turbo gas/electric mild hybrid 7AM" 59760
        Fuel  $2,452 $2,526 $2,601 $2,679 $2,760 2023 "Audi A5 Prestige S line 4dr Hatchback AWD w/45 TFSI" "2.0L 4cyl Turbo gas/electric mild hybrid 7AM" 59760
   Insurance  $1,621 $1,678 $1,736 $1,797 $1,860 2023 "Audi A5 Premium Plus 4dr Hatchback AWD w/40 TFSI" "2.0L 4cyl Turbo gas/electric mild hybrid 7AM" 51221
 Maintenance    $269 $1,077   $956 $2,626 $1,356 2023 "Audi A5 Premium Plus 4dr Hatchback AWD w/40 TFSI" "2.0L 4cyl Turbo gas/electric mild hybrid 7AM" 51221
     Repairs      $0     $0     $0   $858 $1,310 2023 "Audi A5 Premium Plus 4dr Hatchback AWD w/40 TFSI" "2.0L 4cyl Turbo gas/electric mild hybrid 7AM" 51221
Taxes & Fees  $3,388   $242   $216   $196   $196 2023 "Audi A5 Premium Plus 4dr Hatchback AWD w/40 TFSI" "2.0L 4cyl Turbo gas/electric mild hybrid 7AM" 51221
   Financing  $4,051 $3,302 $2,477 $1,572   $575 2023 "Audi A5 Premium Plus 4dr Hatchback AWD w/40 TFSI" "2.0L 4cyl Turbo gas/electric mild hybrid 7AM" 51221
Depreciation $13,165 $3,685 $3,008 $3,374 $2,947 2023 "Audi A5 Premium Plus 4dr Hatchback AWD w/40 TFSI" "2.0L 4cyl Turbo gas/electric mild hybrid 7AM" 51221
        Fuel  $2,364 $2,435 $2,508 $2,583 $2,660 2023 "Audi A5 Premium Plus 4dr Hatchback AWD w/40 TFSI" "2.0L 4cyl Turbo gas/electric mild hybrid 7AM" 51221
   Insurance  $1,686 $1,745 $1,806 $1,869 $1,935 2023 "Audi A5 Premium S line 4dr Hatchback AWD w/45 TFSI" "2.0L 4cyl Turbo gas/electric mild hybrid 7AM" 48580
 Maintenance    $269 $1,077   $956 $2,626 $1,356 2023 "Audi A5 Premium S line 4dr Hatchback AWD w/45 TFSI" "2.0L 4cyl Turbo gas/electric mild hybrid 7AM" 48580
     Repairs      $0     $0     $0   $858 $1,310 2023 "Audi A5 Premium S line 4dr Hatchback AWD w/45 TFSI" "2.0L 4cyl Turbo gas/electric mild hybrid 7AM" 48580
Taxes & Fees  $3,222   $230   $206   $187   $187 2023 "Audi A5 Premium S line 4dr Hatchback AWD w/45 TFSI" "2.0L 4cyl Turbo gas/electric mild hybrid 7AM" 48580
   Financing  $3,843 $3,131 $2,349 $1,491   $546 2023 "Audi A5 Premium S line 4dr Hatchback AWD w/45 TFSI" "2.0L 4cyl Turbo gas/electric mild hybrid 7AM" 48580
Depreciation $11,868 $3,560 $2,906 $3,259 $2,847 2023 "Audi A5 Premium S line 4dr Hatchback AWD w/45 TFSI" "2.0L 4cyl Turbo gas/electric mild hybrid 7AM" 48580
        Fuel  $2,452 $2,526 $2,601 $2,679 $2,760 2023 "Audi A5 Premium S line 4dr Hatchback AWD w/45 TFSI" "2.0L 4cyl Turbo gas/electric mild hybrid 7AM" 48580
   Insurance  $1,621 $1,678 $1,736 $1,797 $1,860 2023 "Audi A5 Premium 4dr Hatchback AWD w/40 TFSI" "2.0L 4cyl Turbo gas/electric mild hybrid 7AM" 47082
 Maintenance    $269 $1,077   $956 $2,626 $1,356 2023 "Audi A5 Premium 4dr Hatchback AWD w/40 TFSI" "2.0L 4cyl Turbo gas/electric mild hybrid 7AM" 47082
     Repairs      $0     $0     $0   $858 $1,310 2023 "Audi A5 Premium 4dr Hatchback AWD w/40 TFSI" "2.0L 4cyl Turbo gas/electric mild hybrid 7AM" 47082
Taxes & Fees  $3,128   $223   $200   $181   $181 2023 "Audi A5 Premium 4dr Hatchback AWD w/40 TFSI" "2.0L 4cyl Turbo gas/electric mild hybrid 7AM" 47082
   Financing  $3,724 $3,035 $2,277 $1,444   $529 2023 "Audi A5 Premium 4dr Hatchback AWD w/40 TFSI" "2.0L 4cyl Turbo gas/electric mild hybrid 7AM" 47082
Depreciation $12,234 $3,372 $2,753 $3,087 $2,696 2023 "Audi A5 Premium 4dr Hatchback AWD w/40 TFSI" "2.0L 4cyl Turbo gas/electric mild hybrid 7AM" 47082
        Fuel  $2,364 $2,435 $2,508 $2,583 $2,660 2023 "Audi A5 Premium 4dr Hatchback AWD w/40 TFSI" "2.0L 4cyl Turbo gas/electric mild hybrid 7AM" 47082
   Insurance  $1,643 $1,701 $1,760 $1,822 $1,885 2023 "Audi A5 Prestige 4dr Hatchback AWD w/40 TFSI" "2.0L 4cyl Turbo gas/electric mild hybrid 7AM" 55656
 Maintenance    $269 $1,077   $956 $2,626 $1,356 2023 "Audi A5 Prestige 4dr Hatchback AWD w/40 TFSI" "2.0L 4cyl Turbo gas/electric mild hybrid 7AM" 55656
     Repairs      $0     $0     $0   $858 $1,310 2023 "Audi A5 Prestige 4dr Hatchback AWD w/40 TFSI" "2.0L 4cyl Turbo gas/electric mild hybrid 7AM" 55656
Taxes & Fees  $3,667   $262   $234   $213   $213 2023 "Audi A5 Prestige 4dr Hatchback AWD w/40 TFSI" "2.0L 4cyl Turbo gas/electric mild hybrid 7AM" 55656
   Financing  $4,402 $3,588 $2,691 $1,708   $625 2023 "Audi A5 Prestige 4dr Hatchback AWD w/40 TFSI" "2.0L 4cyl Turbo gas/electric mild hybrid 7AM" 55656
Depreciation $14,311 $4,005 $3,270 $3,667 $3,203 2023 "Audi A5 Prestige 4dr Hatchback AWD w/40 TFSI" "2.0L 4cyl Turbo gas/electric mild hybrid 7AM" 55656
        Fuel  $2,364 $2,435 $2,508 $2,583 $2,660 2023 "Audi A5 Prestige 4dr Hatchback AWD w/40 TFSI" "2.0L 4cyl Turbo gas/electric mild hybrid 7AM" 55656
   Insurance  $1,625 $1,682 $1,741 $1,802 $1,865 2023 "Audi A5 Prestige S line 2dr Convertible AWD w/45 TFSI" "2.0L 4cyl Turbo gas/electric mild hybrid 7AM" 61174
 Maintenance    $269 $1,077   $956 $2,626 $1,356 2023 "Audi A5 Prestige S line 2dr Convertible AWD w/45 TFSI" "2.0L 4cyl Turbo gas/electric mild hybrid 7AM" 61174
     Repairs      $0     $0     $0   $858 $1,310 2023 "Audi A5 Prestige S line 2dr Convertible AWD w/45 TFSI" "2.0L 4cyl Turbo gas/electric mild hybrid 7AM" 61174
Taxes & Fees  $4,015   $286   $257   $233   $233 2023 "Audi A5 Prestige S line 2dr Convertible AWD w/45 TFSI" "2.0L 4cyl Turbo gas/electric mild hybrid 7AM" 61174
   Financing  $4,839 $3,943 $2,958 $1,877   $688 2023 "Audi A5 Prestige S line 2dr Convertible AWD w/45 TFSI" "2.0L 4cyl Turbo gas/electric mild hybrid 7AM" 61174
Depreciation $15,240 $4,204 $3,436 $3,850 $3,362 2023 "Audi A5 Prestige S line 2dr Convertible AWD w/45 TFSI" "2.0L 4cyl Turbo gas/electric mild hybrid 7AM" 61174
        Fuel  $2,545 $2,621 $2,700 $2,781 $2,864 2023 "Audi A5 Prestige S line 2dr Convertible AWD w/45 TFSI" "2.0L 4cyl Turbo gas/electric mild hybrid 7AM" 61174
   Insurance  $1,602 $1,658 $1,716 $1,776 $1,838 2023 "Audi A5 Premium S line 2dr Convertible AWD w/45 TFSI" "2.0L 4cyl Turbo gas/electric mild hybrid 7AM" 64848
 Maintenance    $269 $1,077   $956 $2,626 $1,356 2023 "Audi A5 Premium S line 2dr Convertible AWD w/45 TFSI" "2.0L 4cyl Turbo gas/electric mild hybrid 7AM" 64848
     Repairs      $0     $0     $0   $858 $1,310 2023 "Audi A5 Premium S line 2dr Convertible AWD w/45 TFSI" "2.0L 4cyl Turbo gas/electric mild hybrid 7AM" 64848
Taxes & Fees  $4,245   $303   $271   $246   $246 2023 "Audi A5 Premium S line 2dr Convertible AWD w/45 TFSI" "2.0L 4cyl Turbo gas/electric mild hybrid 7AM" 64848
   Financing  $5,129 $4,180 $3,137 $1,989   $729 2023 "Audi A5 Premium S line 2dr Convertible AWD w/45 TFSI" "2.0L 4cyl Turbo gas/electric mild hybrid 7AM" 64848
Depreciation $17,553 $4,576 $3,736 $4,189 $3,660 2023 "Audi A5 Premium S line 2dr Convertible AWD w/45 TFSI" "2.0L 4cyl Turbo gas/electric mild hybrid 7AM" 64848
        Fuel  $2,545 $2,621 $2,700 $2,781 $2,864 2023 "Audi A5 Premium S line 2dr Convertible AWD w/45 TFSI" "2.0L 4cyl Turbo gas/electric mild hybrid 7AM" 64848
   Insurance  $1,597 $1,653 $1,711 $1,771 $1,833 2023 "Audi A5 Premium S line 2dr Convertible AWD w/45 TFSI" "2.0L 4cyl Turbo gas/electric mild hybrid 7AM" 55812
 Maintenance    $269 $1,077   $956 $2,626 $1,356 2023 "Audi A5 Premium S line 2dr Convertible AWD w/45 TFSI" "2.0L 4cyl Turbo gas/electric mild hybrid 7AM" 55812
     Repairs      $0     $0     $0   $858 $1,310 2023 "Audi A5 Premium S line 2dr Convertible AWD w/45 TFSI" "2.0L 4cyl Turbo gas/electric mild hybrid 7AM" 55812
Taxes & Fees  $3,677   $262   $235   $213   $213 2023 "Audi A5 Premium S line 2dr Convertible AWD w/45 TFSI" "2.0L 4cyl Turbo gas/electric mild hybrid 7AM" 55812
   Financing  $4,415 $3,597 $2,699 $1,713   $627 2023 "Audi A5 Premium S line 2dr Convertible AWD w/45 TFSI" "2.0L 4cyl Turbo gas/electric mild hybrid 7AM" 55812
Depreciation $14,278 $4,024 $3,285 $3,684 $3,218 2023 "Audi A5 Premium S line 2dr Convertible AWD w/45 TFSI" "2.0L 4cyl Turbo gas/electric mild hybrid 7AM" 55812
        Fuel  $2,545 $2,621 $2,700 $2,781 $2,864 2023 "Audi A5 Premium S line 2dr Convertible AWD w/45 TFSI" "2.0L 4cyl Turbo gas/electric mild hybrid 7AM" 55812
   Insurance  $1,643 $1,701 $1,760 $1,822 $1,885 2023 "Audi A5 Prestige S line 2dr Coupe AWD w/45 TFSI" "2.0L 4cyl Turbo gas/electric mild hybrid 7AM" 54417
 Maintenance    $269 $1,077   $956 $2,626 $1,356 2023 "Audi A5 Prestige S line 2dr Coupe AWD w/45 TFSI" "2.0L 4cyl Turbo gas/electric mild hybrid 7AM" 54417
     Repairs      $0     $0     $0   $858 $1,310 2023 "Audi A5 Prestige S line 2dr Coupe AWD w/45 TFSI" "2.0L 4cyl Turbo gas/electric mild hybrid 7AM" 54417
Taxes & Fees  $3,590   $256   $229   $208   $208 2023 "Audi A5 Prestige S line 2dr Coupe AWD w/45 TFSI" "2.0L 4cyl Turbo gas/electric mild hybrid 7AM" 54417
   Financing  $4,304 $3,508 $2,632 $1,669   $612 2023 "Audi A5 Prestige S line 2dr Coupe AWD w/45 TFSI" "2.0L 4cyl Turbo gas/electric mild hybrid 7AM" 54417
Depreciation $14,367 $3,978 $3,248 $3,643 $3,184 2023 "Audi A5 Prestige S line 2dr Coupe AWD w/45 TFSI" "2.0L 4cyl Turbo gas/electric mild hybrid 7AM" 54417
        Fuel  $2,452 $2,526 $2,601 $2,679 $2,760 2023 "Audi A5 Prestige S line 2dr Coupe AWD w/45 TFSI" "2.0L 4cyl Turbo gas/electric mild hybrid 7AM" 54417
   Insurance  $1,664 $1,722 $1,783 $1,845 $1,909 2023 "Audi A5 Premium S line 2dr Coupe AWD w/45 TFSI" "2.0L 4cyl Turbo gas/electric mild hybrid 7AM" 57995
 Maintenance    $269 $1,077   $956 $2,626 $1,356 2023 "Audi A5 Premium S line 2dr Coupe AWD w/45 TFSI" "2.0L 4cyl Turbo gas/electric mild hybrid 7AM" 57995
     Repairs      $0     $0     $0   $858 $1,310 2023 "Audi A5 Premium S line 2dr Coupe AWD w/45 TFSI" "2.0L 4cyl Turbo gas/electric mild hybrid 7AM" 57995
Taxes & Fees  $3,814   $272   $244   $221   $221 2023 "Audi A5 Premium S line 2dr Coupe AWD w/45 TFSI" "2.0L 4cyl Turbo gas/electric mild hybrid 7AM" 57995
   Financing  $4,587 $3,738 $2,805 $1,780   $651 2023 "Audi A5 Premium S line 2dr Coupe AWD w/45 TFSI" "2.0L 4cyl Turbo gas/electric mild hybrid 7AM" 57995
Depreciation $15,322 $4,131 $3,372 $3,782 $3,303 2023 "Audi A5 Premium S line 2dr Coupe AWD w/45 TFSI" "2.0L 4cyl Turbo gas/electric mild hybrid 7AM" 57995
        Fuel  $2,452 $2,526 $2,601 $2,679 $2,760 2023 "Audi A5 Premium S line 2dr Coupe AWD w/45 TFSI" "2.0L 4cyl Turbo gas/electric mild hybrid 7AM" 57995
   Insurance  $1,621 $1,678 $1,736 $1,797 $1,860 2023 "Audi A5 Premium S line 2dr Coupe AWD w/45 TFSI" "2.0L 4cyl Turbo gas/electric mild hybrid 7AM" 49197
 Maintenance    $269 $1,077   $956 $2,626 $1,356 2023 "Audi A5 Premium S line 2dr Coupe AWD w/45 TFSI" "2.0L 4cyl Turbo gas/electric mild hybrid 7AM" 49197
     Repairs      $0     $0     $0   $858 $1,310 2023 "Audi A5 Premium S line 2dr Coupe AWD w/45 TFSI" "2.0L 4cyl Turbo gas/electric mild hybrid 7AM" 49197
Taxes & Fees  $3,261   $232   $208   $189   $189 2023 "Audi A5 Premium S line 2dr Coupe AWD w/45 TFSI" "2.0L 4cyl Turbo gas/electric mild hybrid 7AM" 49197
   Financing  $3,891 $3,171 $2,380 $1,509   $553 2023 "Audi A5 Premium S line 2dr Coupe AWD w/45 TFSI" "2.0L 4cyl Turbo gas/electric mild hybrid 7AM" 49197
Depreciation $12,576 $3,546 $2,895 $3,246 $2,836 2023 "Audi A5 Premium S line 2dr Coupe AWD w/45 TFSI" "2.0L 4cyl Turbo gas/electric mild hybrid 7AM" 49197
        Fuel  $2,452 $2,526 $2,601 $2,679 $2,760 2023 "Audi A5 Premium S line 2dr Coupe AWD w/45 TFSI" "2.0L 4cyl Turbo gas/electric mild hybrid 7AM" 49197
   Insurance  $1,661 $1,719 $1,779 $1,842 $1,906 2023 "Audi A6 allroad Prestige 4dr Wagon AWD w/55 TFSI" "3.0L 6cyl Turbo gas/electric mild hybrid 7AM" 82975
 Maintenance    $300 $1,090   $735 $2,797 $1,790 2023 "Audi A6 allroad Prestige 4dr Wagon AWD w/55 TFSI" "3.0L 6cyl Turbo gas/electric mild hybrid 7AM" 82975
     Repairs      $0     $0     $0   $997 $1,521 2023 "Audi A6 allroad Prestige 4dr Wagon AWD w/55 TFSI" "3.0L 6cyl Turbo gas/electric mild hybrid 7AM" 82975
Taxes & Fees  $5,228   $373   $334   $303   $303 2023 "Audi A6 allroad Prestige 4dr Wagon AWD w/55 TFSI" "3.0L 6cyl Turbo gas/electric mild hybrid 7AM" 82975
   Financing  $6,563 $5,348 $4,013 $2,546   $933 2023 "Audi A6 allroad Prestige 4dr Wagon AWD w/55 TFSI" "3.0L 6cyl Turbo gas/electric mild hybrid 7AM" 82975
Depreciation $21,995 $6,668 $5,448 $6,109 $5,336 2023 "Audi A6 allroad Prestige 4dr Wagon AWD w/55 TFSI" "3.0L 6cyl Turbo gas/electric mild hybrid 7AM" 82975
        Fuel  $2,646 $2,725 $2,807 $2,891 $2,978 2023 "Audi A6 allroad Prestige 4dr Wagon AWD w/55 TFSI" "3.0L 6cyl Turbo gas/electric mild hybrid 7AM" 82975
   Insurance  $1,661 $1,719 $1,779 $1,842 $1,906 2023 "Audi A6 allroad Premium Plus 4dr Wagon AWD w/55 TFSI" "3.0L 6cyl Turbo gas/electric mild hybrid 7AM" 77460
 Maintenance    $300 $1,090   $735 $2,797 $1,790 2023 "Audi A6 allroad Premium Plus 4dr Wagon AWD w/55 TFSI" "3.0L 6cyl Turbo gas/electric mild hybrid 7AM" 77460
     Repairs      $0     $0     $0   $997 $1,521 2023 "Audi A6 allroad Premium Plus 4dr Wagon AWD w/55 TFSI" "3.0L 6cyl Turbo gas/electric mild hybrid 7AM" 77460
Taxes & Fees  $4,881   $348   $312   $283   $283 2023 "Audi A6 allroad Premium Plus 4dr Wagon AWD w/55 TFSI" "3.0L 6cyl Turbo gas/electric mild hybrid 7AM" 77460
   Financing  $6,127 $4,993 $3,746 $2,376   $871 2023 "Audi A6 allroad Premium Plus 4dr Wagon AWD w/55 TFSI" "3.0L 6cyl Turbo gas/electric mild hybrid 7AM" 77460
Depreciation $19,823 $6,310 $5,156 $5,781 $5,049 2023 "Audi A6 allroad Premium Plus 4dr Wagon AWD w/55 TFSI" "3.0L 6cyl Turbo gas/electric mild hybrid 7AM" 77460
        Fuel  $2,646 $2,725 $2,807 $2,891 $2,978 2023 "Audi A6 allroad Premium Plus 4dr Wagon AWD w/55 TFSI" "3.0L 6cyl Turbo gas/electric mild hybrid 7AM" 77460
   Insurance  $1,835 $1,899 $1,966 $2,034 $2,106 2023 "Audi A7 Premium Plus 4dr Sedan AWD w/55 TFSI" "3.0L 6cyl Turbo gas/electric mild hybrid 7AM" 81607
 Maintenance    $300 $1,098   $735 $3,032 $1,790 2023 "Audi A7 Premium Plus 4dr Sedan AWD w/55 TFSI" "3.0L 6cyl Turbo gas/electric mild hybrid 7AM" 81607
     Repairs      $0     $0     $0   $997 $1,521 2023 "Audi A7 Premium Plus 4dr Sedan AWD w/55 TFSI" "3.0L 6cyl Turbo gas/electric mild hybrid 7AM" 81607
Taxes & Fees  $5,142   $367   $329   $298   $298 2023 "Audi A7 Premium Plus 4dr Sedan AWD w/55 TFSI" "3.0L 6cyl Turbo gas/electric mild hybrid 7AM" 81607
   Financing  $6,455 $5,260 $3,947 $2,504   $917 2023 "Audi A7 Premium Plus 4dr Sedan AWD w/55 TFSI" "3.0L 6cyl Turbo gas/electric mild hybrid 7AM" 81607
Depreciation $20,633 $8,185 $6,690 $7,499 $6,551 2023 "Audi A7 Premium Plus 4dr Sedan AWD w/55 TFSI" "3.0L 6cyl Turbo gas/electric mild hybrid 7AM" 81607
        Fuel  $2,756 $2,839 $2,924 $3,012 $3,102 2023 "Audi A7 Premium Plus 4dr Sedan AWD w/55 TFSI" "3.0L 6cyl Turbo gas/electric mild hybrid 7AM" 81607
   Insurance  $1,700 $1,760 $1,821 $1,885 $1,951 2023 "Audi A7 Premium 4dr Sedan AWD w/55 TFSI" "3.0L 6cyl Turbo gas/electric mild hybrid 7AM" 77092
 Maintenance    $300 $1,098   $735 $3,032 $1,790 2023 "Audi A7 Premium 4dr Sedan AWD w/55 TFSI" "3.0L 6cyl Turbo gas/electric mild hybrid 7AM" 77092
     Repairs      $0     $0     $0   $997 $1,521 2023 "Audi A7 Premium 4dr Sedan AWD w/55 TFSI" "3.0L 6cyl Turbo gas/electric mild hybrid 7AM" 77092
Taxes & Fees  $4,858   $347   $311   $282   $282 2023 "Audi A7 Premium 4dr Sedan AWD w/55 TFSI" "3.0L 6cyl Turbo gas/electric mild hybrid 7AM" 77092
   Financing  $6,098 $4,969 $3,728 $2,365   $867 2023 "Audi A7 Premium 4dr Sedan AWD w/55 TFSI" "3.0L 6cyl Turbo gas/electric mild hybrid 7AM" 77092
Depreciation $19,344 $7,754 $6,337 $7,104 $6,206 2023 "Audi A7 Premium 4dr Sedan AWD w/55 TFSI" "3.0L 6cyl Turbo gas/electric mild hybrid 7AM" 77092
        Fuel  $2,756 $2,839 $2,924 $3,012 $3,102 2023 "Audi A7 Premium 4dr Sedan AWD w/55 TFSI" "3.0L 6cyl Turbo gas/electric mild hybrid 7AM" 77092
   Insurance  $1,858 $1,923 $1,990 $2,060 $2,132 2023 "Audi A7 Prestige 4dr Sedan AWD w/55 TFSI" "3.0L 6cyl Turbo gas/electric mild hybrid 7AM" 82957
 Maintenance    $300 $1,098   $735 $3,032 $1,790 2023 "Audi A7 Prestige 4dr Sedan AWD w/55 TFSI" "3.0L 6cyl Turbo gas/electric mild hybrid 7AM" 82957
     Repairs      $0     $0     $0   $997 $1,521 2023 "Audi A7 Prestige 4dr Sedan AWD w/55 TFSI" "3.0L 6cyl Turbo gas/electric mild hybrid 7AM" 82957
Taxes & Fees  $5,227   $373   $334   $303   $303 2023 "Audi A7 Prestige 4dr Sedan AWD w/55 TFSI" "3.0L 6cyl Turbo gas/electric mild hybrid 7AM" 82957
   Financing  $6,562 $5,347 $4,012 $2,545   $932 2023 "Audi A7 Prestige 4dr Sedan AWD w/55 TFSI" "3.0L 6cyl Turbo gas/electric mild hybrid 7AM" 82957
Depreciation $20,383 $8,407 $6,871 $7,703 $6,729 2023 "Audi A7 Prestige 4dr Sedan AWD w/55 TFSI" "3.0L 6cyl Turbo gas/electric mild hybrid 7AM" 82957
        Fuel  $2,756 $2,839 $2,924 $3,012 $3,102 2023 "Audi A7 Prestige 4dr Sedan AWD w/55 TFSI" "3.0L 6cyl Turbo gas/electric mild hybrid 7AM" 82957
   Insurance  $1,343 $1,390 $1,439 $1,489 $1,541 2023 "Audi Q5 Premium Plus S line 4dr SUV AWD w/45 TFSI" "2.0L 4cyl Turbo gas/electric mild hybrid 7AM" 50066
 Maintenance    $130   $907   $750 $2,404 $1,154 2023 "Audi Q5 Premium Plus S line 4dr SUV AWD w/45 TFSI" "2.0L 4cyl Turbo gas/electric mild hybrid 7AM" 50066
     Repairs      $0     $0     $0 $1,280 $1,954 2023 "Audi Q5 Premium Plus S line 4dr SUV AWD w/45 TFSI" "2.0L 4cyl Turbo gas/electric mild hybrid 7AM" 50066
Taxes & Fees  $3,505   $250   $224   $203   $203 2023 "Audi Q5 Premium Plus S line 4dr SUV AWD w/45 TFSI" "2.0L 4cyl Turbo gas/electric mild hybrid 7AM" 50066
   Financing  $3,960 $3,227 $2,422 $1,536   $562 2023 "Audi Q5 Premium Plus S line 4dr SUV AWD w/45 TFSI" "2.0L 4cyl Turbo gas/electric mild hybrid 7AM" 50066
Depreciation $11,868 $3,688 $3,014 $3,379 $2,951 2023 "Audi Q5 Premium Plus S line 4dr SUV AWD w/45 TFSI" "2.0L 4cyl Turbo gas/electric mild hybrid 7AM" 50066
        Fuel  $2,646 $2,725 $2,807 $2,891 $2,978 2023 "Audi Q5 Premium Plus S line 4dr SUV AWD w/45 TFSI" "2.0L 4cyl Turbo gas/electric mild hybrid 7AM" 50066
   Insurance  $1,324 $1,370 $1,418 $1,468 $1,519 2023 "Audi Q5 Premium S line 4dr SUV AWD w/45 TFSI" "2.0L 4cyl Turbo gas/electric mild hybrid 7AM" 45562
 Maintenance    $130   $907   $750 $2,302 $1,154 2023 "Audi Q5 Premium S line 4dr SUV AWD w/45 TFSI" "2.0L 4cyl Turbo gas/electric mild hybrid 7AM" 45562
     Repairs      $0     $0     $0 $1,280 $1,954 2023 "Audi Q5 Premium S line 4dr SUV AWD w/45 TFSI" "2.0L 4cyl Turbo gas/electric mild hybrid 7AM" 45562
Taxes & Fees  $3,221   $230   $206   $187   $187 2023 "Audi Q5 Premium S line 4dr SUV AWD w/45 TFSI" "2.0L 4cyl Turbo gas/electric mild hybrid 7AM" 45562
   Financing  $3,604 $2,937 $2,203 $1,398   $512 2023 "Audi Q5 Premium S line 4dr SUV AWD w/45 TFSI" "2.0L 4cyl Turbo gas/electric mild hybrid 7AM" 45562
Depreciation $10,170 $3,619 $2,958 $3,314 $2,896 2023 "Audi Q5 Premium S line 4dr SUV AWD w/45 TFSI" "2.0L 4cyl Turbo gas/electric mild hybrid 7AM" 45562
        Fuel  $2,646 $2,725 $2,807 $2,891 $2,978 2023 "Audi Q5 Premium S line 4dr SUV AWD w/45 TFSI" "2.0L 4cyl Turbo gas/electric mild hybrid 7AM" 45562
   Insurance  $1,472 $1,524 $1,577 $1,632 $1,689 2023 "Audi Q5 Prestige S line 4dr SUV AWD w/45 TFSI" "2.0L 4cyl Turbo gas/electric mild hybrid 7AM" 55118
 Maintenance    $130   $907   $750 $2,404 $1,154 2023 "Audi Q5 Prestige S line 4dr SUV AWD w/45 TFSI" "2.0L 4cyl Turbo gas/electric mild hybrid 7AM" 55118
     Repairs      $0     $0     $0 $1,280 $1,954 2023 "Audi Q5 Prestige S line 4dr SUV AWD w/45 TFSI" "2.0L 4cyl Turbo gas/electric mild hybrid 7AM" 55118
Taxes & Fees  $3,822   $273   $244   $222   $222 2023 "Audi Q5 Prestige S line 4dr SUV AWD w/45 TFSI" "2.0L 4cyl Turbo gas/electric mild hybrid 7AM" 55118
   Financing  $4,360 $3,552 $2,666 $1,691   $620 2023 "Audi Q5 Prestige S line 4dr SUV AWD w/45 TFSI" "2.0L 4cyl Turbo gas/electric mild hybrid 7AM" 55118
Depreciation $13,001 $4,274 $3,494 $3,917 $3,422 2023 "Audi Q5 Prestige S line 4dr SUV AWD w/45 TFSI" "2.0L 4cyl Turbo gas/electric mild hybrid 7AM" 55118
        Fuel  $2,646 $2,725 $2,807 $2,891 $2,978 2023 "Audi Q5 Prestige S line 4dr SUV AWD w/45 TFSI" "2.0L 4cyl Turbo gas/electric mild hybrid 7AM" 55118
   Insurance  $1,401 $1,450 $1,501 $1,553 $1,608 2023 "Audi Q7 Premium 4dr SUV AWD w/55 TFSI" "3.0L 6cyl Turbo gas/electric mild hybrid 8A" 65094
 Maintenance    $265 $1,029 $1,100 $3,181 $3,035 2023 "Audi Q7 Premium 4dr SUV AWD w/55 TFSI" "3.0L 6cyl Turbo gas/electric mild hybrid 8A" 65094
     Repairs      $0     $0     $0 $1,280 $1,954 2023 "Audi Q7 Premium 4dr SUV AWD w/55 TFSI" "3.0L 6cyl Turbo gas/electric mild hybrid 8A" 65094
Taxes & Fees  $4,355   $311   $278   $252   $252 2023 "Audi Q7 Premium 4dr SUV AWD w/55 TFSI" "3.0L 6cyl Turbo gas/electric mild hybrid 8A" 65094
   Financing  $5,149 $4,195 $3,149 $1,997   $731 2023 "Audi Q7 Premium 4dr SUV AWD w/55 TFSI" "3.0L 6cyl Turbo gas/electric mild hybrid 8A" 65094
Depreciation $15,855 $6,055 $4,947 $5,546 $4,845 2023 "Audi Q7 Premium 4dr SUV AWD w/55 TFSI" "3.0L 6cyl Turbo gas/electric mild hybrid 8A" 65094
        Fuel  $3,308 $3,407 $3,509 $3,614 $3,723 2023 "Audi Q7 Premium 4dr SUV AWD w/55 TFSI" "3.0L 6cyl Turbo gas/electric mild hybrid 8A" 65094
   Insurance  $1,401 $1,450 $1,501 $1,553 $1,608 2023 "Audi Q7 Premium 4dr SUV AWD w/45 TFSI" "2.0L 4cyl Turbo gas/electric mild hybrid 8A" 60584
 Maintenance    $194 $1,020 $1,277 $2,585 $1,729 2023 "Audi Q7 Premium 4dr SUV AWD w/45 TFSI" "2.0L 4cyl Turbo gas/electric mild hybrid 8A" 60584
     Repairs      $0     $0     $0 $1,280 $1,954 2023 "Audi Q7 Premium 4dr SUV AWD w/45 TFSI" "2.0L 4cyl Turbo gas/electric mild hybrid 8A" 60584
Taxes & Fees  $4,072   $290   $260   $236   $236 2023 "Audi Q7 Premium 4dr SUV AWD w/45 TFSI" "2.0L 4cyl Turbo gas/electric mild hybrid 8A" 60584
   Financing  $4,792 $3,905 $2,930 $1,859   $681 2023 "Audi Q7 Premium 4dr SUV AWD w/45 TFSI" "2.0L 4cyl Turbo gas/electric mild hybrid 8A" 60584
Depreciation $13,389 $5,658 $4,623 $5,182 $4,528 2023 "Audi Q7 Premium 4dr SUV AWD w/45 TFSI" "2.0L 4cyl Turbo gas/electric mild hybrid 8A" 60584
        Fuel  $3,149 $3,243 $3,340 $3,441 $3,544 2023 "Audi Q7 Premium 4dr SUV AWD w/45 TFSI" "2.0L 4cyl Turbo gas/electric mild hybrid 8A" 60584
   Insurance  $1,433 $1,483 $1,535 $1,589 $1,644 2023 "Audi Q7 Prestige 4dr SUV AWD w/55 TFSI" "3.0L 6cyl Turbo gas/electric mild hybrid 8A" 78366
 Maintenance    $265 $1,029 $1,100 $3,744 $3,035 2023 "Audi Q7 Prestige 4dr SUV AWD w/55 TFSI" "3.0L 6cyl Turbo gas/electric mild hybrid 8A" 78366
     Repairs      $0     $0     $0 $1,280 $1,954 2023 "Audi Q7 Prestige 4dr SUV AWD w/55 TFSI" "3.0L 6cyl Turbo gas/electric mild hybrid 8A" 78366
Taxes & Fees  $5,190   $370   $332   $301   $301 2023 "Audi Q7 Prestige 4dr SUV AWD w/55 TFSI" "3.0L 6cyl Turbo gas/electric mild hybrid 8A" 78366
   Financing  $6,198 $5,052 $3,790 $2,404   $881 2023 "Audi Q7 Prestige 4dr SUV AWD w/55 TFSI" "3.0L 6cyl Turbo gas/electric mild hybrid 8A" 78366
Depreciation $20,406 $7,414 $6,060 $6,794 $5,935 2023 "Audi Q7 Prestige 4dr SUV AWD w/55 TFSI" "3.0L 6cyl Turbo gas/electric mild hybrid 8A" 78366
        Fuel  $3,308 $3,407 $3,509 $3,614 $3,723 2023 "Audi Q7 Prestige 4dr SUV AWD w/55 TFSI" "3.0L 6cyl Turbo gas/electric mild hybrid 8A" 78366
   Insurance  $1,409 $1,458 $1,509 $1,562 $1,617 2023 "Audi Q7 Premium Plus 4dr SUV AWD w/45 TFSI" "2.0L 4cyl Turbo gas/electric mild hybrid 8A" 65077
 Maintenance    $194 $1,020 $1,277 $2,585 $1,729 2023 "Audi Q7 Premium Plus 4dr SUV AWD w/45 TFSI" "2.0L 4cyl Turbo gas/electric mild hybrid 8A" 65077
     Repairs      $0     $0     $0 $1,280 $1,954 2023 "Audi Q7 Premium Plus 4dr SUV AWD w/45 TFSI" "2.0L 4cyl Turbo gas/electric mild hybrid 8A" 65077
Taxes & Fees  $4,354   $311   $278   $252   $252 2023 "Audi Q7 Premium Plus 4dr SUV AWD w/45 TFSI" "2.0L 4cyl Turbo gas/electric mild hybrid 8A" 65077
   Financing  $5,147 $4,195 $3,147 $1,997   $731 2023 "Audi Q7 Premium Plus 4dr SUV AWD w/45 TFSI" "2.0L 4cyl Turbo gas/electric mild hybrid 8A" 65077
Depreciation $15,011 $5,760 $4,706 $5,276 $4,609 2023 "Audi Q7 Premium Plus 4dr SUV AWD w/45 TFSI" "2.0L 4cyl Turbo gas/electric mild hybrid 8A" 65077
        Fuel  $3,149 $3,243 $3,340 $3,441 $3,544 2023 "Audi Q7 Premium Plus 4dr SUV AWD w/45 TFSI" "2.0L 4cyl Turbo gas/electric mild hybrid 8A" 65077
   Insurance  $1,409 $1,458 $1,509 $1,562 $1,617 2023 "Audi Q7 Premium Plus 4dr SUV AWD w/55 TFSI" "3.0L 6cyl Turbo gas/electric mild hybrid 8A" 68367
 Maintenance    $265 $1,029 $1,100 $3,744 $3,035 2023 "Audi Q7 Premium Plus 4dr SUV AWD w/55 TFSI" "3.0L 6cyl Turbo gas/electric mild hybrid 8A" 68367
     Repairs      $0     $0     $0 $1,280 $1,954 2023 "Audi Q7 Premium Plus 4dr SUV AWD w/55 TFSI" "3.0L 6cyl Turbo gas/electric mild hybrid 8A" 68367
Taxes & Fees  $4,560   $325   $292   $264   $264 2023 "Audi Q7 Premium Plus 4dr SUV AWD w/55 TFSI" "3.0L 6cyl Turbo gas/electric mild hybrid 8A" 68367
   Financing  $5,408 $4,406 $3,307 $2,097   $769 2023 "Audi Q7 Premium Plus 4dr SUV AWD w/55 TFSI" "3.0L 6cyl Turbo gas/electric mild hybrid 8A" 68367
Depreciation $17,153 $6,434 $5,257 $5,891 $5,149 2023 "Audi Q7 Premium Plus 4dr SUV AWD w/55 TFSI" "3.0L 6cyl Turbo gas/electric mild hybrid 8A" 68367
        Fuel  $3,308 $3,407 $3,509 $3,614 $3,723 2023 "Audi Q7 Premium Plus 4dr SUV AWD w/55 TFSI" "3.0L 6cyl Turbo gas/electric mild hybrid 8A" 68367
   Insurance  $1,409 $1,458 $1,509 $1,562 $1,617 2023 "Audi Q8 Premium Plus 4dr SUV AWD w/55 TFSI" "3.0L 6cyl Turbo gas/electric mild hybrid 8A" 81159
 Maintenance    $265 $1,029 $1,100 $4,228 $3,035 2023 "Audi Q8 Premium Plus 4dr SUV AWD w/55 TFSI" "3.0L 6cyl Turbo gas/electric mild hybrid 8A" 81159
     Repairs      $0     $0     $0 $1,280 $1,954 2023 "Audi Q8 Premium Plus 4dr SUV AWD w/55 TFSI" "3.0L 6cyl Turbo gas/electric mild hybrid 8A" 81159
Taxes & Fees  $5,239   $374   $335   $304   $304 2023 "Audi Q8 Premium Plus 4dr SUV AWD w/55 TFSI" "3.0L 6cyl Turbo gas/electric mild hybrid 8A" 81159
   Financing  $6,419 $5,232 $3,925 $2,490   $912 2023 "Audi Q8 Premium Plus 4dr SUV AWD w/55 TFSI" "3.0L 6cyl Turbo gas/electric mild hybrid 8A" 81159
Depreciation $20,449 $5,958 $4,867 $5,456 $4,766 2023 "Audi Q8 Premium Plus 4dr SUV AWD w/55 TFSI" "3.0L 6cyl Turbo gas/electric mild hybrid 8A" 81159
        Fuel  $3,308 $3,407 $3,509 $3,614 $3,723 2023 "Audi Q8 Premium Plus 4dr SUV AWD w/55 TFSI" "3.0L 6cyl Turbo gas/electric mild hybrid 8A" 81159
   Insurance  $1,401 $1,450 $1,501 $1,553 $1,608 2023 "Audi Q8 Prestige 4dr SUV AWD w/55 TFSI" "3.0L 6cyl Turbo gas/electric mild hybrid 8A" 90278
 Maintenance    $265 $1,029 $1,100 $4,228 $3,035 2023 "Audi Q8 Prestige 4dr SUV AWD w/55 TFSI" "3.0L 6cyl Turbo gas/electric mild hybrid 8A" 90278
     Repairs      $0     $0     $0 $1,280 $1,954 2023 "Audi Q8 Prestige 4dr SUV AWD w/55 TFSI" "3.0L 6cyl Turbo gas/electric mild hybrid 8A" 90278
Taxes & Fees  $5,813   $415   $372   $337   $337 2023 "Audi Q8 Prestige 4dr SUV AWD w/55 TFSI" "3.0L 6cyl Turbo gas/electric mild hybrid 8A" 90278
   Financing  $7,141 $5,819 $4,366 $2,770 $1,014 2023 "Audi Q8 Prestige 4dr SUV AWD w/55 TFSI" "3.0L 6cyl Turbo gas/electric mild hybrid 8A" 90278
Depreciation $21,514 $7,642 $6,244 $6,997 $6,112 2023 "Audi Q8 Prestige 4dr SUV AWD w/55 TFSI" "3.0L 6cyl Turbo gas/electric mild hybrid 8A" 90278
        Fuel  $3,308 $3,407 $3,509 $3,614 $3,723 2023 "Audi Q8 Prestige 4dr SUV AWD w/55 TFSI" "3.0L 6cyl Turbo gas/electric mild hybrid 8A" 90278
   Insurance  $1,401 $1,450 $1,501 $1,553 $1,608 2023 "Audi Q8 Premium 4dr SUV AWD w/55 TFSI" "3.0L 6cyl Turbo gas/electric mild hybrid 8A" 74812
 Maintenance    $265 $1,029 $1,100 $3,990 $3,035 2023 "Audi Q8 Premium 4dr SUV AWD w/55 TFSI" "3.0L 6cyl Turbo gas/electric mild hybrid 8A" 74812
     Repairs      $0     $0     $0 $1,280 $1,954 2023 "Audi Q8 Premium 4dr SUV AWD w/55 TFSI" "3.0L 6cyl Turbo gas/electric mild hybrid 8A" 74812
Taxes & Fees  $4,840   $345   $309   $281   $281 2023 "Audi Q8 Premium 4dr SUV AWD w/55 TFSI" "3.0L 6cyl Turbo gas/electric mild hybrid 8A" 74812
   Financing  $5,917 $4,823 $3,618 $2,295   $841 2023 "Audi Q8 Premium 4dr SUV AWD w/55 TFSI" "3.0L 6cyl Turbo gas/electric mild hybrid 8A" 74812
Depreciation $17,874 $5,856 $4,781 $5,361 $4,686 2023 "Audi Q8 Premium 4dr SUV AWD w/55 TFSI" "3.0L 6cyl Turbo gas/electric mild hybrid 8A" 74812
        Fuel  $3,308 $3,407 $3,509 $3,614 $3,723 2023 "Audi Q8 Premium 4dr SUV AWD w/55 TFSI" "3.0L 6cyl Turbo gas/electric mild hybrid 8A" 74812
Insurance $1,472 $1,524 $1,577 $1,632 $1,689 2023 "Audi Q5 Plug-in Hybrid Premium Plus S line 4dr SUV AWD w/55 TFSI e" "2.0L 4cyl Turbo gas/electric plug-in hybrid 7AM" 65582
Maintenance $130 $907 $750 $2,404 $1,154 2023 "Audi Q5 Plug-in Hybrid Premium Plus S line 4dr SUV AWD w/55 TFSI e" "2.0L 4cyl Turbo gas/electric plug-in hybrid 7AM" 65582
Repairs $0 $0 $0 $1,280 $1,954 2023 "Audi Q5 Plug-in Hybrid Premium Plus S line 4dr SUV AWD w/55 TFSI e" "2.0L 4cyl Turbo gas/electric plug-in hybrid 7AM" 65582
Taxes & Fees $4,134 $295 $264 $240 $240 2023 "Audi Q5 Plug-in Hybrid Premium Plus S line 4dr SUV AWD w/55 TFSI e" "2.0L 4cyl Turbo gas/electric plug-in hybrid 7AM" 65582
Financing $5,187 $4,228 $3,171 $2,012 $737 2023 "Audi Q5 Plug-in Hybrid Premium Plus S line 4dr SUV AWD w/55 TFSI e" "2.0L 4cyl Turbo gas/electric plug-in hybrid 7AM" 65582
Depreciation $20,037 $4,493 $3,673 $4,116 $3,595 2023 "Audi Q5 Plug-in Hybrid Premium Plus S line 4dr SUV AWD w/55 TFSI e" "2.0L 4cyl Turbo gas/electric plug-in hybrid 7AM" 65582
Fuel $2,545 $2,621 $2,700 $2,781 $2,864 2023 "Audi Q5 Plug-in Hybrid Premium Plus S line 4dr SUV AWD w/55 TFSI e" "2.0L 4cyl Turbo gas/electric plug-in hybrid 7AM" 65582
   Insurance  $1,504 $1,557 $1,611 $1,668 $1,726 2023 "BMW 3 Series 330i 4dr Sedan" "2.0L 4cyl Turbo 8A" 48471
 Maintenance      $0     $0   $665 $3,735 $2,962 2023 "BMW 3 Series 330i 4dr Sedan" "2.0L 4cyl Turbo 8A" 48471
     Repairs      $0     $0     $0 $1,041 $1,592 2023 "BMW 3 Series 330i 4dr Sedan" "2.0L 4cyl Turbo 8A" 48471
Taxes & Fees  $3,058   $218   $195   $177   $177 2023 "BMW 3 Series 330i 4dr Sedan" "2.0L 4cyl Turbo 8A" 48471
   Financing  $3,834 $3,124 $2,344 $1,488   $544 2023 "BMW 3 Series 330i 4dr Sedan" "2.0L 4cyl Turbo 8A" 48471
Depreciation $13,745 $3,936 $3,217 $3,606 $3,151 2023 "BMW 3 Series 330i 4dr Sedan" "2.0L 4cyl Turbo 8A" 48471
        Fuel  $2,280 $2,348 $2,419 $2,491 $2,566 2023 "BMW 3 Series 330i 4dr Sedan" "2.0L 4cyl Turbo 8A" 48471
   Insurance  $1,552 $1,606 $1,663 $1,721 $1,781 2023 "BMW 3 Series 330i xDrive 4dr Sedan AWD" "2.0L 4cyl Turbo 8A" 50870
 Maintenance      $0     $0   $665 $3,862 $2,673 2023 "BMW 3 Series 330i xDrive 4dr Sedan AWD" "2.0L 4cyl Turbo 8A" 50870
     Repairs      $0     $0     $0 $1,102 $1,685 2023 "BMW 3 Series 330i xDrive 4dr Sedan AWD" "2.0L 4cyl Turbo 8A" 50870
Taxes & Fees  $3,209   $229   $205   $186   $186 2023 "BMW 3 Series 330i xDrive 4dr Sedan AWD" "2.0L 4cyl Turbo 8A" 50870
   Financing  $4,024 $3,279 $2,460 $1,561   $571 2023 "BMW 3 Series 330i xDrive 4dr Sedan AWD" "2.0L 4cyl Turbo 8A" 50870
Depreciation $13,880 $4,219 $3,447 $3,865 $3,375 2023 "BMW 3 Series 330i xDrive 4dr Sedan AWD" "2.0L 4cyl Turbo 8A" 50870
        Fuel  $2,452 $2,526 $2,601 $2,679 $2,760 2023 "BMW 3 Series 330i xDrive 4dr Sedan AWD" "2.0L 4cyl Turbo 8A" 50870
   Insurance  $1,505 $1,558 $1,612 $1,669 $1,727 2023 "BMW 3 Series 330e 4dr Sedan" "2.0L 4cyl Turbo gas/electric plug-in hybrid 8A" 49271
 Maintenance      $0     $0   $662 $3,886 $2,992 2023 "BMW 3 Series 330e 4dr Sedan" "2.0L 4cyl Turbo gas/electric plug-in hybrid 8A" 49271
     Repairs      $0     $0     $0 $1,041 $1,592 2023 "BMW 3 Series 330e 4dr Sedan" "2.0L 4cyl Turbo gas/electric plug-in hybrid 8A" 49271
Taxes & Fees  $3,109   $222   $198   $180   $180 2023 "BMW 3 Series 330e 4dr Sedan" "2.0L 4cyl Turbo gas/electric plug-in hybrid 8A" 49271
   Financing  $3,897 $3,176 $2,383 $1,512   $553 2023 "BMW 3 Series 330e 4dr Sedan" "2.0L 4cyl Turbo gas/electric plug-in hybrid 8A" 49271
Depreciation $12,952 $4,218 $3,444 $3,860 $3,375 2023 "BMW 3 Series 330e 4dr Sedan" "2.0L 4cyl Turbo gas/electric plug-in hybrid 8A" 49271
        Fuel  $2,452 $2,526 $2,601 $2,679 $2,760 2023 "BMW 3 Series 330e 4dr Sedan" "2.0L 4cyl Turbo gas/electric plug-in hybrid 8A" 49271
   Insurance  $1,569 $1,624 $1,681 $1,740 $1,800 2023 "BMW 3 Series M340i xDrive 4dr Sedan AWD" "3.0L 6cyl Turbo gas/electric mild hybrid 8A" 65755
 Maintenance      $0     $0   $712 $3,519 $3,832 2023 "BMW 3 Series M340i xDrive 4dr Sedan AWD" "3.0L 6cyl Turbo gas/electric mild hybrid 8A" 65755
     Repairs      $0     $0     $0 $1,102 $1,685 2023 "BMW 3 Series M340i xDrive 4dr Sedan AWD" "3.0L 6cyl Turbo gas/electric mild hybrid 8A" 65755
Taxes & Fees  $4,145   $296   $265   $240   $240 2023 "BMW 3 Series M340i xDrive 4dr Sedan AWD" "3.0L 6cyl Turbo gas/electric mild hybrid 8A" 65755
   Financing  $5,201 $4,238 $3,181 $2,017   $739 2023 "BMW 3 Series M340i xDrive 4dr Sedan AWD" "3.0L 6cyl Turbo gas/electric mild hybrid 8A" 65755
Depreciation $14,907 $5,282 $4,316 $4,838 $4,227 2023 "BMW 3 Series M340i xDrive 4dr Sedan AWD" "3.0L 6cyl Turbo gas/electric mild hybrid 8A" 65755
        Fuel  $2,545 $2,621 $2,700 $2,781 $2,864 2023 "BMW 3 Series M340i xDrive 4dr Sedan AWD" "3.0L 6cyl Turbo gas/electric mild hybrid 8A" 65755
   Insurance  $1,530 $1,584 $1,639 $1,696 $1,756 2023 "BMW 3 Series M340i 4dr Sedan" "3.0L 6cyl Turbo gas/electric mild hybrid 8A" 61850
 Maintenance      $0     $0   $712 $3,407 $3,947 2023 "BMW 3 Series M340i 4dr Sedan" "3.0L 6cyl Turbo gas/electric mild hybrid 8A" 61850
     Repairs      $0     $0     $0 $1,041 $1,592 2023 "BMW 3 Series M340i 4dr Sedan" "3.0L 6cyl Turbo gas/electric mild hybrid 8A" 61850
Taxes & Fees  $3,899   $278   $249   $226   $226 2023 "BMW 3 Series M340i 4dr Sedan" "3.0L 6cyl Turbo gas/electric mild hybrid 8A" 61850
   Financing  $4,892 $3,987 $2,991 $1,898   $695 2023 "BMW 3 Series M340i 4dr Sedan" "3.0L 6cyl Turbo gas/electric mild hybrid 8A" 61850
Depreciation $12,439 $5,457 $4,458 $4,998 $4,366 2023 "BMW 3 Series M340i 4dr Sedan" "3.0L 6cyl Turbo gas/electric mild hybrid 8A" 61850
        Fuel  $2,545 $2,621 $2,700 $2,781 $2,864 2023 "BMW 3 Series M340i 4dr Sedan" "3.0L 6cyl Turbo gas/electric mild hybrid 8A" 61850
   Insurance  $1,485 $1,537 $1,591 $1,646 $1,704 2023 "BMW 3 Series 330e xDrive 4dr Sedan AWD" "2.0L 4cyl Turbo gas/electric plug-in hybrid 8A" 53001
 Maintenance      $0     $0   $662 $3,712 $2,703 2023 "BMW 3 Series 330e xDrive 4dr Sedan AWD" "2.0L 4cyl Turbo gas/electric plug-in hybrid 8A" 53001
     Repairs      $0     $0     $0 $1,102 $1,685 2023 "BMW 3 Series 330e xDrive 4dr Sedan AWD" "2.0L 4cyl Turbo gas/electric plug-in hybrid 8A" 53001
Taxes & Fees  $3,343   $238   $214   $194   $194 2023 "BMW 3 Series 330e xDrive 4dr Sedan AWD" "2.0L 4cyl Turbo gas/electric plug-in hybrid 8A" 53001
   Financing  $4,192 $3,416 $2,564 $1,626   $596 2023 "BMW 3 Series 330e xDrive 4dr Sedan AWD" "2.0L 4cyl Turbo gas/electric plug-in hybrid 8A" 53001
Depreciation $14,487 $4,467 $3,648 $4,088 $3,574 2023 "BMW 3 Series 330e xDrive 4dr Sedan AWD" "2.0L 4cyl Turbo gas/electric plug-in hybrid 8A" 53001
        Fuel  $2,545 $2,621 $2,700 $2,781 $2,864 2023 "BMW 3 Series 330e xDrive 4dr Sedan AWD" "2.0L 4cyl Turbo gas/electric plug-in hybrid 8A" 53001
Insurance	$1,640  $1,697  $1,757  $1,818  $1,882  2023 "BMW 4 Series Coupe M440i 2dr Coupe" "3.0L 6cyl Turbo gas/electric mild hybrid 8A" 64733
Maintenance $0  $0  $712  $3,407  $3,947  2023 "BMW 4 Series Coupe M440i 2dr Coupe" "3.0L 6cyl Turbo gas/electric mild hybrid 8A" 64733
Repairs $0  $0  $0  $1,041  $1,592  2023 "BMW 4 Series Coupe M440i 2dr Coupe" "3.0L 6cyl Turbo gas/electric mild hybrid 8A" 64733
Taxes & Fees $4,081  $291  $261  $237  $237  2023 "BMW 4 Series Coupe M440i 2dr Coupe" "3.0L 6cyl Turbo gas/electric mild hybrid 8A" 64733
Financing $5,120  $4,173  $3,130  $1,986  $728  2023 "BMW 4 Series Coupe M440i 2dr Coupe" "3.0L 6cyl Turbo gas/electric mild hybrid 8A" 64733
Depreciation $15,244  $6,189  $5,055  $5,668  $4,950  2023 "BMW 4 Series Coupe M440i 2dr Coupe" "3.0L 6cyl Turbo gas/electric mild hybrid 8A" 64733
Fuel $2,452  $2,526  $2,601  $2,679  $2,760  2023 "BMW 4 Series Coupe M440i 2dr Coupe" "3.0L 6cyl Turbo gas/electric mild hybrid 8A" 64733
Insurance $1,640  $1,697  $1,757  $1,818  $1,882  2023 "BMW 4 Series M440i xDrive M440i xDrive 2dr Coupe AWD" "3.0L 6cyl Turbo gas/electric mild hybrid 8A" 68855
Maintenance $0  $0  $712  $3,701  $4,014  2023 "BMW 4 Series M440i xDrive M440i xDrive 2dr Coupe AWD" "3.0L 6cyl Turbo gas/electric mild hybrid 8A" 68855
Repairs $0  $0  $0  $1,102  $1,685  2023 "BMW 4 Series M440i xDrive M440i xDrive 2dr Coupe AWD" "3.0L 6cyl Turbo gas/electric mild hybrid 8A" 68855
Taxes & Fees $4,340  $310  $277  $252  $252  2023 "BMW 4 Series M440i xDrive M440i xDrive 2dr Coupe AWD" "3.0L 6cyl Turbo gas/electric mild hybrid 8A" 68855
Financing $5,446  $4,438  $3,331  $2,112  $774  2023 "BMW 4 Series M440i xDrive M440i xDrive 2dr Coupe AWD" "3.0L 6cyl Turbo gas/electric mild hybrid 8A" 68855
Depreciation $16,897  $6,490  $5,301  $5,944  $5,191  2023 "BMW 4 Series M440i xDrive M440i xDrive 2dr Coupe AWD" "3.0L 6cyl Turbo gas/electric mild hybrid 8A" 68855
Fuel $2,646  $2,725  $2,807  $2,891  $2,978  2023 "BMW 4 Series M440i xDrive M440i xDrive 2dr Coupe AWD" "3.0L 6cyl Turbo gas/electric mild hybrid 8A" 68855
   Insurance  $1,513 $1,566 $1,621 $1,677 $1,736 2023 "BMW 4 Series Gran Coupe M440i xDrive 4dr Sedan AWD" "3.0L 6cyl Turbo gas/electric mild hybrid 8A" 68755
 Maintenance      $0     $0   $712 $3,651 $3,963 2023 "BMW 4 Series Gran Coupe M440i xDrive 4dr Sedan AWD" "3.0L 6cyl Turbo gas/electric mild hybrid 8A" 68755
     Repairs      $0     $0     $0 $1,102 $1,685 2023 "BMW 4 Series Gran Coupe M440i xDrive 4dr Sedan AWD" "3.0L 6cyl Turbo gas/electric mild hybrid 8A" 68755
Taxes & Fees  $4,333   $309   $277   $251   $251 2023 "BMW 4 Series Gran Coupe M440i xDrive 4dr Sedan AWD" "3.0L 6cyl Turbo gas/electric mild hybrid 8A" 68755
   Financing  $5,438 $4,432 $3,325 $2,110   $772 2023 "BMW 4 Series Gran Coupe M440i xDrive 4dr Sedan AWD" "3.0L 6cyl Turbo gas/electric mild hybrid 8A" 68755
Depreciation $16,449 $6,639 $5,423 $6,080 $5,313 2023 "BMW 4 Series Gran Coupe M440i xDrive 4dr Sedan AWD" "3.0L 6cyl Turbo gas/electric mild hybrid 8A" 68755
        Fuel  $2,646 $2,725 $2,807 $2,891 $2,978 2023 "BMW 4 Series Gran Coupe M440i xDrive 4dr Sedan AWD" "3.0L 6cyl Turbo gas/electric mild hybrid 8A" 68755
   Insurance  $1,513 $1,566 $1,621 $1,677 $1,736 2023 "BMW 4 Series Gran Coupe M440i 4dr Sedan" "3.0L 6cyl Turbo gas/electric mild hybrid 8A" 66528
 Maintenance      $0     $0   $712 $3,539 $4,078 2023 "BMW 4 Series Gran Coupe M440i 4dr Sedan" "3.0L 6cyl Turbo gas/electric mild hybrid 8A" 66528
     Repairs      $0     $0     $0 $1,041 $1,592 2023 "BMW 4 Series Gran Coupe M440i 4dr Sedan" "3.0L 6cyl Turbo gas/electric mild hybrid 8A" 66528
Taxes & Fees  $4,194   $299   $268   $243   $243 2023 "BMW 4 Series Gran Coupe M440i 4dr Sedan" "3.0L 6cyl Turbo gas/electric mild hybrid 8A" 66528
   Financing  $5,262 $4,288 $3,218 $2,041   $748 2023 "BMW 4 Series Gran Coupe M440i 4dr Sedan" "3.0L 6cyl Turbo gas/electric mild hybrid 8A" 66528
Depreciation $15,881 $6,429 $5,251 $5,887 $5,145 2023 "BMW 4 Series Gran Coupe M440i 4dr Sedan" "3.0L 6cyl Turbo gas/electric mild hybrid 8A" 66528
        Fuel  $2,452 $2,526 $2,601 $2,679 $2,760 2023 "BMW 4 Series Gran Coupe M440i 4dr Sedan" "3.0L 6cyl Turbo gas/electric mild hybrid 8A" 66528
   Insurance  $1,726 $1,786 $1,849 $1,914 $1,981 2023 "BMW 5 Series 530e xDrive 4dr Sedan AWD" "2.0L 4cyl Turbo gas/electric plug-in hybrid 8A" 66292
 Maintenance      $0     $0   $797 $3,344 $3,106 2023 "BMW 5 Series 530e xDrive 4dr Sedan AWD" "2.0L 4cyl Turbo gas/electric plug-in hybrid 8A" 66292
     Repairs      $0     $0     $0 $1,102 $1,685 2023 "BMW 5 Series 530e xDrive 4dr Sedan AWD" "2.0L 4cyl Turbo gas/electric plug-in hybrid 8A" 66292
Taxes & Fees  $4,179   $298   $267   $242   $242 2023 "BMW 5 Series 530e xDrive 4dr Sedan AWD" "2.0L 4cyl Turbo gas/electric plug-in hybrid 8A" 66292
   Financing  $5,243 $4,273 $3,207 $2,033   $745 2023 "BMW 5 Series 530e xDrive 4dr Sedan AWD" "2.0L 4cyl Turbo gas/electric plug-in hybrid 8A" 66292
Depreciation $21,644 $5,330 $4,354 $4,879 $4,264 2023 "BMW 5 Series 530e xDrive 4dr Sedan AWD" "2.0L 4cyl Turbo gas/electric plug-in hybrid 8A" 66292
        Fuel  $2,646 $2,725 $2,807 $2,891 $2,978 2023 "BMW 5 Series 530e xDrive 4dr Sedan AWD" "2.0L 4cyl Turbo gas/electric plug-in hybrid 8A" 66292
   Insurance  $1,673 $1,732 $1,792 $1,855 $1,920 2023 "BMW 5 Series 540i xDrive 4dr Sedan AWD" "3.0L 6cyl Turbo gas/electric mild hybrid 8A" 70950
 Maintenance      $0     $0   $717 $3,834 $3,899 2023 "BMW 5 Series 540i xDrive 4dr Sedan AWD" "3.0L 6cyl Turbo gas/electric mild hybrid 8A" 70950
     Repairs      $0     $0     $0 $1,102 $1,685 2023 "BMW 5 Series 540i xDrive 4dr Sedan AWD" "3.0L 6cyl Turbo gas/electric mild hybrid 8A" 70950
Taxes & Fees  $4,472   $319   $286   $259   $259 2023 "BMW 5 Series 540i xDrive 4dr Sedan AWD" "3.0L 6cyl Turbo gas/electric mild hybrid 8A" 70950
   Financing  $5,612 $4,573 $3,432 $2,176   $798 2023 "BMW 5 Series 540i xDrive 4dr Sedan AWD" "3.0L 6cyl Turbo gas/electric mild hybrid 8A" 70950
Depreciation $19,765 $6,297 $5,145 $5,763 $5,037 2023 "BMW 5 Series 540i xDrive 4dr Sedan AWD" "3.0L 6cyl Turbo gas/electric mild hybrid 8A" 70950
        Fuel  $2,646 $2,725 $2,807 $2,891 $2,978 2023 "BMW 5 Series 540i xDrive 4dr Sedan AWD" "3.0L 6cyl Turbo gas/electric mild hybrid 8A" 70950
   Insurance  $1,726 $1,786 $1,849 $1,914 $1,981 2023 "BMW 5 Series 530e 4dr Sedan" "2.0L 4cyl Turbo gas/electric plug-in hybrid 8A" 61176
 Maintenance      $0     $0   $797 $3,135 $3,124 2023 "BMW 5 Series 530e 4dr Sedan" "2.0L 4cyl Turbo gas/electric plug-in hybrid 8A" 61176
     Repairs      $0     $0     $0 $1,041 $1,592 2023 "BMW 5 Series 530e 4dr Sedan" "2.0L 4cyl Turbo gas/electric plug-in hybrid 8A" 61176
Taxes & Fees  $3,857   $275   $246   $224   $224 2023 "BMW 5 Series 530e 4dr Sedan" "2.0L 4cyl Turbo gas/electric plug-in hybrid 8A" 61176
   Financing  $4,839 $3,943 $2,959 $1,877   $687 2023 "BMW 5 Series 530e 4dr Sedan" "2.0L 4cyl Turbo gas/electric plug-in hybrid 8A" 61176
Depreciation $19,579 $5,208 $4,255 $4,768 $4,166 2023 "BMW 5 Series 530e 4dr Sedan" "2.0L 4cyl Turbo gas/electric plug-in hybrid 8A" 61176
        Fuel  $2,545 $2,621 $2,700 $2,781 $2,864 2023 "BMW 5 Series 530e 4dr Sedan" "2.0L 4cyl Turbo gas/electric plug-in hybrid 8A" 61176
   Insurance  $1,624 $1,681 $1,740 $1,801 $1,864 2023 "BMW 5 Series 540i 4dr Sedan" "3.0L 6cyl Turbo gas/electric mild hybrid 8A" 70332
 Maintenance      $0     $0   $717 $3,578 $3,870 2023 "BMW 5 Series 540i 4dr Sedan" "3.0L 6cyl Turbo gas/electric mild hybrid 8A" 70332
     Repairs      $0     $0     $0 $1,041 $1,592 2023 "BMW 5 Series 540i 4dr Sedan" "3.0L 6cyl Turbo gas/electric mild hybrid 8A" 70332
Taxes & Fees  $4,433   $316   $283   $257   $257 2023 "BMW 5 Series 540i 4dr Sedan" "3.0L 6cyl Turbo gas/electric mild hybrid 8A" 70332
   Financing  $5,563 $4,533 $3,402 $2,158   $790 2023 "BMW 5 Series 540i 4dr Sedan" "3.0L 6cyl Turbo gas/electric mild hybrid 8A" 70332
Depreciation $23,644 $5,307 $4,338 $4,862 $4,248 2023 "BMW 5 Series 540i 4dr Sedan" "3.0L 6cyl Turbo gas/electric mild hybrid 8A" 70332
        Fuel  $2,452 $2,526 $2,601 $2,679 $2,760 2023 "BMW 5 Series 540i 4dr Sedan" "3.0L 6cyl Turbo gas/electric mild hybrid 8A" 70332
   Insurance  $1,795 $1,858 $1,923 $1,990 $2,060 2023 "BMW 7 Series 740i 4dr Sedan" "3.0L 6cyl Turbo gas/electric mild hybrid 8A" 00010
 Maintenance      $0     $0   $685 $4,733 $4,082 2023 "BMW 7 Series 740i 4dr Sedan" "3.0L 6cyl Turbo gas/electric mild hybrid 8A" 00010
     Repairs      $0     $0     $0 $1,041 $1,592 2023 "BMW 7 Series 740i 4dr Sedan" "3.0L 6cyl Turbo gas/electric mild hybrid 8A" 00010
Taxes & Fees  $6,299   $450   $403   $365   $365 2023 "BMW 7 Series 740i 4dr Sedan" "3.0L 6cyl Turbo gas/electric mild hybrid 8A" 00010
   Financing  $7,910 $6,447 $4,837 $3,068 $1,124 2023 "BMW 7 Series 740i 4dr Sedan" "3.0L 6cyl Turbo gas/electric mild hybrid 8A" 00010
Depreciation $38,150 $8,490 $6,934 $7,775 $6,793 2023 "BMW 7 Series 740i 4dr Sedan" "3.0L 6cyl Turbo gas/electric mild hybrid 8A" 00010
        Fuel  $2,452 $2,526 $2,601 $2,679 $2,760 2023 "BMW 7 Series 740i 4dr Sedan" "3.0L 6cyl Turbo gas/electric mild hybrid 8A" 00010
   Insurance  $2,039 $2,110 $2,184 $2,261 $2,340 2023 "BMW 7 Series 760i xDrive 4dr Sedan AWD" "4.4L 8cyl Turbo gas/electric mild hybrid 8A" 24598
 Maintenance      $0     $0   $590 $4,388 $4,478 2023 "BMW 7 Series 760i xDrive 4dr Sedan AWD" "4.4L 8cyl Turbo gas/electric mild hybrid 8A" 24598
     Repairs      $0     $0     $0 $1,102 $1,685 2023 "BMW 7 Series 760i xDrive 4dr Sedan AWD" "4.4L 8cyl Turbo gas/electric mild hybrid 8A" 24598
Taxes & Fees  $7,845   $560   $502   $455   $455 2023 "BMW 7 Series 760i xDrive 4dr Sedan AWD" "4.4L 8cyl Turbo gas/electric mild hybrid 8A" 24598
   Financing  $9,855 $8,031 $6,027 $3,822 $1,401 2023 "BMW 7 Series 760i xDrive 4dr Sedan AWD" "4.4L 8cyl Turbo gas/electric mild hybrid 8A" 24598
Depreciation $29,168 $8,732 $7,136 $8,004 $6,989 2023 "BMW 7 Series 760i xDrive 4dr Sedan AWD" "4.4L 8cyl Turbo gas/electric mild hybrid 8A" 24598
        Fuel  $3,149 $3,243 $3,340 $3,441 $3,544 2023 "BMW 7 Series 760i xDrive 4dr Sedan AWD" "4.4L 8cyl Turbo gas/electric mild hybrid 8A" 24598
   Insurance  $2,034  $2,105  $2,179  $2,255  $2,334 2023 "BMW ALPINA XB7 4dr SUV AWD" "4.4L 8cyl Turbo gas/electric mild hybrid 8A" 47655
 Maintenance      $0      $0    $489  $5,976  $4,600 2023 "BMW ALPINA XB7 4dr SUV AWD" "4.4L 8cyl Turbo gas/electric mild hybrid 8A" 47655
     Repairs      $0      $0      $0  $1,102  $1,685 2023 "BMW ALPINA XB7 4dr SUV AWD" "4.4L 8cyl Turbo gas/electric mild hybrid 8A" 47655
Taxes & Fees  $9,295    $664    $595    $540    $540 2023 "BMW ALPINA XB7 4dr SUV AWD" "4.4L 8cyl Turbo gas/electric mild hybrid 8A" 47655
   Financing $11,679  $9,517  $7,142  $4,530  $1,659 2023 "BMW ALPINA XB7 4dr SUV AWD" "4.4L 8cyl Turbo gas/electric mild hybrid 8A" 47655
Depreciation $35,083 $12,693 $10,372 $11,623 $10,151 2023 "BMW ALPINA XB7 4dr SUV AWD" "4.4L 8cyl Turbo gas/electric mild hybrid 8A" 47655
        Fuel  $3,890  $4,006  $4,126  $4,250  $4,378 2023 "BMW ALPINA XB7 4dr SUV AWD" "4.4L 8cyl Turbo gas/electric mild hybrid 8A" 47655
   Insurance  $1,493 $1,545 $1,599 $1,655 $1,713 2023 "BMW X5 xDrive40i 4dr SUV AWD" "3.0L 6cyl Turbo gas/electric mild hybrid 8A" 73091
 Maintenance      $0     $0   $664 $4,972 $3,415 2023 "BMW X5 xDrive40i 4dr SUV AWD" "3.0L 6cyl Turbo gas/electric mild hybrid 8A" 73091
     Repairs      $0     $0     $0 $1,102 $1,685 2023 "BMW X5 xDrive40i 4dr SUV AWD" "3.0L 6cyl Turbo gas/electric mild hybrid 8A" 73091
Taxes & Fees  $4,606   $329   $294   $267   $267 2023 "BMW X5 xDrive40i 4dr SUV AWD" "3.0L 6cyl Turbo gas/electric mild hybrid 8A" 73091
   Financing  $5,781 $4,711 $3,536 $2,242   $821 2023 "BMW X5 xDrive40i 4dr SUV AWD" "3.0L 6cyl Turbo gas/electric mild hybrid 8A" 73091
Depreciation $17,645 $7,052 $5,763 $6,460 $5,644 2023 "BMW X5 xDrive40i 4dr SUV AWD" "3.0L 6cyl Turbo gas/electric mild hybrid 8A" 73091
        Fuel  $2,875 $2,962 $3,050 $3,142 $3,236 2023 "BMW X5 xDrive40i 4dr SUV AWD" "3.0L 6cyl Turbo gas/electric mild hybrid 8A" 73091
   Insurance  $1,493 $1,545 $1,599 $1,655 $1,713 2023 "BMW X5 xDrive40i 4dr SUV AWD" "3.0L 6cyl Turbo gas/electric mild hybrid 8A" 73091
 Maintenance      $0     $0   $664 $4,972 $3,415 2023 "BMW X5 xDrive40i 4dr SUV AWD" "3.0L 6cyl Turbo gas/electric mild hybrid 8A" 73091
     Repairs      $0     $0     $0 $1,102 $1,685 2023 "BMW X5 xDrive40i 4dr SUV AWD" "3.0L 6cyl Turbo gas/electric mild hybrid 8A" 73091
Taxes & Fees  $4,606   $329   $294   $267   $267 2023 "BMW X5 xDrive40i 4dr SUV AWD" "3.0L 6cyl Turbo gas/electric mild hybrid 8A" 73091
   Financing  $5,781 $4,711 $3,536 $2,242   $821 2023 "BMW X5 xDrive40i 4dr SUV AWD" "3.0L 6cyl Turbo gas/electric mild hybrid 8A" 73091
Depreciation $17,645 $7,052 $5,763 $6,460 $5,644 2023 "BMW X5 xDrive40i 4dr SUV AWD" "3.0L 6cyl Turbo gas/electric mild hybrid 8A" 73091
        Fuel  $2,875 $2,962 $3,050 $3,142 $3,236 2023 "BMW X5 xDrive40i 4dr SUV AWD" "3.0L 6cyl Turbo gas/electric mild hybrid 8A" 73091
   Insurance  $1,460 $1,511 $1,564 $1,619 $1,675 2023 "BMW X5 sDrive40i 4dr SUV" "3.0L 6cyl Turbo gas/electric mild hybrid 8A" 69608
 Maintenance      $0     $0   $664 $4,972 $3,415 2023 "BMW X5 sDrive40i 4dr SUV" "3.0L 6cyl Turbo gas/electric mild hybrid 8A" 69608
     Repairs      $0     $0     $0 $1,041 $1,592 2023 "BMW X5 sDrive40i 4dr SUV" "3.0L 6cyl Turbo gas/electric mild hybrid 8A" 69608
Taxes & Fees  $4,387   $313   $280   $254   $254 2023 "BMW X5 sDrive40i 4dr SUV" "3.0L 6cyl Turbo gas/electric mild hybrid 8A" 69608
   Financing  $5,506 $4,486 $3,367 $2,136   $782 2023 "BMW X5 sDrive40i 4dr SUV" "3.0L 6cyl Turbo gas/electric mild hybrid 8A" 69608
Depreciation $19,182 $6,031 $4,925 $5,522 $4,824 2023 "BMW X5 sDrive40i 4dr SUV" "3.0L 6cyl Turbo gas/electric mild hybrid 8A" 69608
        Fuel  $2,875 $2,962 $3,050 $3,142 $3,236 2023 "BMW X5 sDrive40i 4dr SUV" "3.0L 6cyl Turbo gas/electric mild hybrid 8A" 69608
Insurance	$1,493 	$1,545 	$1,599 	$1,655 	$1,713 	2023	"BMW X5 Plug-in Hybrid xDrive45e 4dr SUV AWD"	"3.0L 6cyl Turbo gas/electric plug-in hybrid 8A"	75025
Maintenance	$0 	$0 	$664 	$4,972 	$3,415 	2023	"BMW X5 Plug-in Hybrid xDrive45e 4dr SUV AWD"	"3.0L 6cyl Turbo gas/electric plug-in hybrid 8A"	75025
Repairs	$0 	$0 	$0 	$1,102 	$1,685 	2023	"BMW X5 Plug-in Hybrid xDrive45e 4dr SUV AWD"	"3.0L 6cyl Turbo gas/electric plug-in hybrid 8A"	75025
Taxes & Fees	$4,728 	$337 	$302 	$274 	$274 	2023	"BMW X5 Plug-in Hybrid xDrive45e 4dr SUV AWD"	"3.0L 6cyl Turbo gas/electric plug-in hybrid 8A"	75025
Financing	$5,934 	$4,836 	$3,629 	$2,301 	$844 	2023	"BMW X5 Plug-in Hybrid xDrive45e 4dr SUV AWD"	"3.0L 6cyl Turbo gas/electric plug-in hybrid 8A"	75025
Depreciation	$16,427 	$7,741 	$6,324 	$7,089 	$6,196 	2023	"BMW X5 Plug-in Hybrid xDrive45e 4dr SUV AWD"	"3.0L 6cyl Turbo gas/electric plug-in hybrid 8A"	75025
Fuel	$3,308 	$3,407 	$3,509 	$3,614 	$3,723 	2023	"BMW X5 Plug-in Hybrid xDrive45e 4dr SUV AWD"	"3.0L 6cyl Turbo gas/electric plug-in hybrid 8A"	75025
   Insurance  $1,671 $1,729 $1,790 $1,853 $1,918 2023 "BMW X7 xDrive40i 4dr SUV AWD" "3.0L 6cyl Turbo gas/electric mild hybrid 8A" 88650
 Maintenance      $0     $0   $641 $4,090 $4,394 2023 "BMW X7 xDrive40i 4dr SUV AWD" "3.0L 6cyl Turbo gas/electric mild hybrid 8A" 88650
     Repairs      $0     $0     $0 $1,102 $1,685 2023 "BMW X7 xDrive40i 4dr SUV AWD" "3.0L 6cyl Turbo gas/electric mild hybrid 8A" 88650
Taxes & Fees  $5,585   $399   $357   $324   $324 2023 "BMW X7 xDrive40i 4dr SUV AWD" "3.0L 6cyl Turbo gas/electric mild hybrid 8A" 88650
   Financing  $7,012 $5,714 $4,288 $2,719   $997 2023 "BMW X7 xDrive40i 4dr SUV AWD" "3.0L 6cyl Turbo gas/electric mild hybrid 8A" 88650
Depreciation $18,544 $8,220 $6,711 $7,528 $6,574 2023 "BMW X7 xDrive40i 4dr SUV AWD" "3.0L 6cyl Turbo gas/electric mild hybrid 8A" 88650
        Fuel  $3,008 $3,098 $3,191 $3,287 $3,385 2023 "BMW X7 xDrive40i 4dr SUV AWD" "3.0L 6cyl Turbo gas/electric mild hybrid 8A" 88650
   Insurance  $1,810 $1,873 $1,939 $2,007 $2,077 2023 "BMW X7 M60i 4dr SUV AWD" "4.4L 8cyl Turbo gas/electric mild hybrid 8A" 13489
 Maintenance      $0     $0   $750 $4,706 $4,901 2023 "BMW X7 M60i 4dr SUV AWD" "4.4L 8cyl Turbo gas/electric mild hybrid 8A" 13489
     Repairs      $0     $0     $0 $1,102 $1,685 2023 "BMW X7 M60i 4dr SUV AWD" "4.4L 8cyl Turbo gas/electric mild hybrid 8A" 13489
Taxes & Fees  $7,147   $510   $457   $415   $415 2023 "BMW X7 M60i 4dr SUV AWD" "4.4L 8cyl Turbo gas/electric mild hybrid 8A" 13489
   Financing  $8,977 $7,315 $5,489 $3,481 $1,276 2023 "BMW X7 M60i 4dr SUV AWD" "4.4L 8cyl Turbo gas/electric mild hybrid 8A" 13489
Depreciation $32,228 $9,620 $7,855 $8,807 $7,696 2023 "BMW X7 M60i 4dr SUV AWD" "4.4L 8cyl Turbo gas/electric mild hybrid 8A" 13489
        Fuel  $3,674 $3,784 $3,897 $4,014 $4,135 2023 "BMW X7 M60i 4dr SUV AWD" "4.4L 8cyl Turbo gas/electric mild hybrid 8A" 13489